{
    "metrics": {
        "http_req_tls_handshaking": {
            "max": 51.5916,
            "p(90)": 0,
            "p(95)": 0.6822999999997673,
            "avg": 1.0280120000000001,
            "min": 0,
            "med": 0
        },
        "iterations": {
            "count": 200,
            "rate": 3.33329204495587
        },
        "checks": {
            "passes": 200,
            "fails": 0,
            "value": 1
        },
        "http_req_blocked": {
            "p(90)": 0,
            "p(95)": 1.6230699999995712,
            "avg": 2.8556805,
            "min": 0,
            "med": 0,
            "max": 135.1602
        },
        "http_req_failed": {
            "passes": 0,
            "fails": 200,
            "value": 0
        },
        "http_req_receiving": {
            "p(95)": 7.526469999999992,
            "avg": 1.8031069999999993,
            "min": 0,
            "med": 0.56515,
            "max": 14.1229,
            "p(90)": 5.993259999999999
        },
        "data_received": {
            "count": 316713,
            "rate": 5278.484617170542
        },
        "vus_max": {
            "value": 10,
            "min": 10,
            "max": 10
        },
        "http_req_sending": {
            "p(90)": 0,
            "p(95)": 0,
            "avg": 0.0167815,
            "min": 0,
            "med": 0,
            "max": 0.5237
        },
        "http_reqs": {
            "count": 200,
            "rate": 3.33329204495587
        },
        "http_req_waiting": {
            "avg": 276.16109650000004,
            "min": 209.9923,
            "med": 273.6599,
            "max": 421.589,
            "p(90)": 312.26633,
            "p(95)": 315.34439499999996
        },
        "data_sent": {
            "count": 69510,
            "rate": 1158.4856502244124
        },
        "http_req_connecting": {
            "min": 0,
            "med": 0,
            "max": 119.8404,
            "p(90)": 0,
            "p(95)": 0.5088649999998265,
            "avg": 1.7152980000000002
        },
        "iteration_duration": {
            "avg": 281.31129500000003,
            "min": 209.9923,
            "med": 281.7767,
            "max": 422.4385,
            "p(90)": 313.57947,
            "p(95)": 316.72041999999993
        },
        "vus": {
            "value": 0,
            "min": 0,
            "max": 1
        },
        "http_req_duration": {
            "med": 277.43275,
            "max": 422.4385,
            "p(90)": 312.87275,
            "p(95)": 316.35577,
            "avg": 277.98098500000015,
            "min": 209.9923
        },
        "http_req_duration{expected_response:true}": {
            "max": 422.4385,
            "p(90)": 312.87275,
            "p(95)": 316.35577,
            "avg": 277.98098500000015,
            "min": 209.9923,
            "med": 277.43275
        }
    },
    "root_group": {
        "name": "",
        "path": "",
        "id": "d41d8cd98f00b204e9800998ecf8427e",
        "groups": {},
        "checks": {
                "status is 2xx": {
                    "fails": 0,
                    "name": "status is 2xx",
                    "path": "::status is 2xx",
                    "id": "625da780c1868b693c9052f10511e6a0",
                    "passes": 200
                }
            }
    }
}