{
    "metrics": {
        "http_reqs": {
            "count": 326,
            "rate": 5.413031820642053
        },
        "http_req_sending": {
            "p(95)": 0,
            "avg": 0.024920552147239265,
            "min": 0,
            "med": 0,
            "max": 0.7241,
            "p(90)": 0
        },
        "http_req_waiting": {
            "med": 273.03225,
            "max": 601.1578,
            "p(90)": 378.13715,
            "p(95)": 383.136475,
            "avg": 287.1526349693251,
            "min": 212.5263
        },
        "data_received": {
            "count": 502614,
            "rate": 8345.599924847193
        },
        "http_req_duration{expected_response:true}": {
            "p(90)": 381.34315000000004,
            "p(95)": 384.39482499999997,
            "avg": 288.6041742331289,
            "min": 215.9266,
            "med": 274.125,
            "max": 605.147
        },
        "http_req_failed": {
            "passes": 0,
            "fails": 326,
            "value": 0
        },
        "http_req_tls_handshaking": {
            "avg": 4.0958254601226995,
            "min": 0,
            "med": 0,
            "max": 964.0025,
            "p(90)": 0,
            "p(95)": 0
        },
        "checks": {
            "passes": 326,
            "fails": 0,
            "value": 1
        },
        "http_req_connecting": {
            "avg": 1.5285303680981595,
            "min": 0,
            "med": 0,
            "max": 163.718,
            "p(90)": 0,
            "p(95)": 0
        },
        "iteration_duration": {
            "med": 278.8628,
            "max": 1487.8475,
            "p(90)": 382.46395,
            "p(95)": 386.02617499999997,
            "avg": 294.8590003067483,
            "min": 222.1077
        },
        "http_req_duration": {
            "max": 605.147,
            "p(90)": 381.34315000000004,
            "p(95)": 384.39482499999997,
            "avg": 288.6041742331289,
            "min": 215.9266,
            "med": 274.125
        },
        "iterations": {
            "count": 326,
            "rate": 5.413031820642053
        },
        "http_req_receiving": {
            "p(95)": 5.365125,
            "avg": 1.4266187116564413,
            "min": 0,
            "med": 0.7039500000000001,
            "max": 10.1165,
            "p(90)": 4.02985
        },
        "data_sent": {
            "count": 104869,
            "rate": 1741.2859938616916
        },
        "vus": {
            "value": 1,
            "min": 1,
            "max": 2
        },
        "vus_max": {
            "value": 11,
            "min": 11,
            "max": 11
        },
        "http_req_blocked": {
            "avg": 5.873184662576687,
            "min": 0,
            "med": 0,
            "max": 1127.7205,
            "p(90)": 0,
            "p(95)": 0
        }
    },
    "root_group": {
        "name": "",
        "path": "",
        "id": "d41d8cd98f00b204e9800998ecf8427e",
        "groups": {},
        "checks": {
                "status is 2xx": {
                    "id": "625da780c1868b693c9052f10511e6a0",
                    "passes": 326,
                    "fails": 0,
                    "name": "status is 2xx",
                    "path": "::status is 2xx"
                }
            }
    }
}