{
    "root_group": {
        "name": "",
        "path": "",
        "id": "d41d8cd98f00b204e9800998ecf8427e",
        "groups": {},
        "checks": {
                "status is 2xx": {
                    "name": "status is 2xx",
                    "path": "::status is 2xx",
                    "id": "625da780c1868b693c9052f10511e6a0",
                    "passes": 401,
                    "fails": 0
                }
            }
    },
    "metrics": {
        "http_req_sending": {
            "avg": 0.01562418952618454,
            "min": 0,
            "med": 0,
            "max": 0.7275,
            "p(90)": 0,
            "p(95)": 0
        },
        "http_req_blocked": {
            "p(95)": 0,
            "avg": 1.5943865336658356,
            "min": 0,
            "med": 0,
            "max": 133.7523,
            "p(90)": 0
        },
        "http_reqs": {
            "rate": 6.649541107954797,
            "count": 401
        },
        "http_req_connecting": {
            "avg": 0.9116917705735659,
            "min": 0,
            "med": 0,
            "max": 117.2039,
            "p(90)": 0,
            "p(95)": 0
        },
        "http_req_failed": {
            "passes": 0,
            "fails": 401,
            "value": 0
        },
        "http_req_tls_handshaking": {
            "min": 0,
            "med": 0,
            "max": 52.7958,
            "p(90)": 0,
            "p(95)": 0,
            "avg": 0.643138902743142
        },
        "http_req_duration": {
            "max": 429.6846,
            "p(90)": 314.4243,
            "p(95)": 317.2212,
            "avg": 291.9272077306732,
            "min": 222.8893,
            "med": 299.0777
        },
        "checks": {
            "passes": 401,
            "fails": 0,
            "value": 1
        },
        "iterations": {
            "count": 401,
            "rate": 6.649541107954797
        },
        "http_req_receiving": {
            "avg": 1.6389541147132163,
            "min": 0,
            "med": 0.4919,
            "max": 12.4044,
            "p(90)": 5.4758,
            "p(95)": 7.1
        },
        "vus": {
            "value": 2,
            "min": 1,
            "max": 3
        },
        "http_req_waiting": {
            "avg": 290.2726294264338,
            "min": 220.8505,
            "med": 298.6575,
            "max": 429.6846,
            "p(90)": 313.8014,
            "p(95)": 316.444
        },
        "data_sent": {
            "count": 129742,
            "rate": 2151.433322763769
        },
        "http_req_duration{expected_response:true}": {
            "p(90)": 314.4243,
            "p(95)": 317.2212,
            "avg": 291.9272077306732,
            "min": 222.8893,
            "med": 299.0777,
            "max": 429.6846
        },
        "iteration_duration": {
            "min": 227.8968,
            "med": 301.7483,
            "max": 431.7143,
            "p(90)": 314.7356,
            "p(95)": 318.2116,
            "avg": 293.94122468827914
        },
        "vus_max": {
            "value": 14,
            "min": 14,
            "max": 14
        },
        "data_received": {
            "count": 619450,
            "rate": 10271.965684096258
        }
    }
}