{
    "metrics": {
        "http_req_sending": {
            "max": 9.0417,
            "p(90)": 0,
            "p(95)": 0,
            "avg": 0.04510477611940299,
            "min": 0,
            "med": 0
        },
        "vus": {
            "value": 2,
            "min": 1,
            "max": 3
        },
        "http_req_blocked": {
            "avg": 1.9103808955223878,
            "min": 0,
            "med": 0,
            "max": 139.7401,
            "p(90)": 0,
            "p(95)": 0
        },
        "http_req_failed": {
            "passes": 0,
            "fails": 335,
            "value": 0
        },
        "http_req_waiting": {
            "min": 217.4539,
            "med": 270.1442,
            "max": 478.2257,
            "p(90)": 349.20844000000005,
            "p(95)": 366.12642999999997,
            "avg": 276.66123731343293
        },
        "data_received": {
            "count": 518272,
            "rate": 8622.721259168595
        },
        "vus_max": {
            "value": 12,
            "min": 12,
            "max": 12
        },
        "http_req_tls_handshaking": {
            "p(95)": 0,
            "avg": 0.8727901492537312,
            "min": 0,
            "med": 0,
            "max": 52.7187,
            "p(90)": 0
        },
        "data_sent": {
            "count": 108872,
            "rate": 1811.3517784642106
        },
        "checks": {
            "passes": 335,
            "fails": 0,
            "value": 1
        },
        "http_req_receiving": {
            "med": 0.7294,
            "max": 12.2809,
            "p(90)": 4.104840000000002,
            "p(95)": 5.343490000000001,
            "avg": 1.4279459701492538,
            "min": 0
        },
        "iterations": {
            "count": 335,
            "rate": 5.5735436639862455
        },
        "http_req_connecting": {
            "p(90)": 0,
            "p(95)": 0,
            "avg": 0.9829152238805972,
            "min": 0,
            "med": 0,
            "max": 122.6887
        },
        "http_req_duration{expected_response:true}": {
            "avg": 278.13428805970165,
            "min": 217.7169,
            "med": 270.8719,
            "max": 480.9074,
            "p(90)": 351.73568000000006,
            "p(95)": 368.54787
        },
        "http_req_duration": {
            "avg": 278.13428805970165,
            "min": 217.7169,
            "med": 270.8719,
            "max": 480.9074,
            "p(90)": 351.73568000000006,
            "p(95)": 368.54787
        },
        "iteration_duration": {
            "p(90)": 354.47756,
            "p(95)": 370.07822,
            "avg": 280.36546895522406,
            "min": 219.2401,
            "med": 274.0616,
            "max": 480.9074
        },
        "http_reqs": {
            "count": 335,
            "rate": 5.5735436639862455
        }
    },
    "root_group": {
        "name": "",
        "path": "",
        "id": "d41d8cd98f00b204e9800998ecf8427e",
        "groups": {},
        "checks": {
                "status is 2xx": {
                    "path": "::status is 2xx",
                    "id": "625da780c1868b693c9052f10511e6a0",
                    "passes": 335,
                    "fails": 0,
                    "name": "status is 2xx"
                }
            }
    }
}