{
    "root_group": {
        "id": "d41d8cd98f00b204e9800998ecf8427e",
        "groups": {},
        "checks": {
                "status is 2xx": {
                    "passes": 101,
                    "fails": 0,
                    "name": "status is 2xx",
                    "path": "::status is 2xx",
                    "id": "625da780c1868b693c9052f10511e6a0"
                }
            },
        "name": "",
        "path": ""
    },
    "metrics": {
        "http_req_tls_handshaking": {
            "max": 95.5912,
            "p(90)": 0,
            "p(95)": 16.8088,
            "avg": 3.394046534653466,
            "min": 0,
            "med": 0
        },
        "data_received": {
            "count": 172668,
            "rate": 2866.069055160901
        },
        "iteration_duration": {
            "avg": 284.20870594059403,
            "min": 214.8275,
            "med": 277.2957,
            "max": 457.5156,
            "p(90)": 336.2663,
            "p(95)": 370.3385
        },
        "http_req_duration": {
            "p(95)": 336.2663,
            "avg": 277.17137128712875,
            "min": 214.4625,
            "med": 274.1556,
            "max": 439.641,
            "p(90)": 322.1216
        },
        "http_req_blocked": {
            "avg": 6.46189702970297,
            "min": 0,
            "med": 0,
            "max": 148.5967,
            "p(90)": 0,
            "p(95)": 33.9849
        },
        "checks": {
            "fails": 0,
            "passes": 101,
            "value": 1
        },
        "vus_max": {
            "min": 10,
            "max": 10,
            "value": 10
        },
        "http_req_waiting": {
            "avg": 275.62280396039614,
            "min": 207.2978,
            "med": 274.1556,
            "max": 437.9929,
            "p(90)": 322.1216,
            "p(95)": 336.2663
        },
        "iterations": {
            "count": 101,
            "rate": 1.6764714629882258
        },
        "http_req_sending": {
            "min": 0,
            "med": 0,
            "max": 0.8061,
            "p(90)": 0,
            "p(95)": 0,
            "avg": 0.0300980198019802
        },
        "vus": {
            "value": 0,
            "min": 0,
            "max": 1
        },
        "http_req_connecting": {
            "med": 0,
            "max": 119.4455,
            "p(90)": 0,
            "p(95)": 15.9343,
            "avg": 2.636543564356436,
            "min": 0
        },
        "http_req_receiving": {
            "avg": 1.5184693069306934,
            "min": 0,
            "med": 0.5766,
            "max": 9.7334,
            "p(90)": 5.5529,
            "p(95)": 7.2927
        },
        "data_sent": {
            "count": 42978,
            "rate": 713.3801043198808
        },
        "http_req_failed": {
            "passes": 0,
            "fails": 101,
            "value": 0
        },
        "http_reqs": {
            "count": 101,
            "rate": 1.6764714629882258
        },
        "http_req_duration{expected_response:true}": {
            "avg": 277.17137128712875,
            "min": 214.4625,
            "med": 274.1556,
            "max": 439.641,
            "p(90)": 322.1216,
            "p(95)": 336.2663
        }
    }
}