{
    "root_group": {
        "name": "",
        "path": "",
        "id": "d41d8cd98f00b204e9800998ecf8427e",
        "groups": {},
        "checks": {
                "status is 2xx": {
                    "name": "status is 2xx",
                    "path": "::status is 2xx",
                    "id": "625da780c1868b693c9052f10511e6a0",
                    "passes": 150,
                    "fails": 82
                }
            }
    },
    "metrics": {
        "data_sent": {
            "count": 189093,
            "rate": 2100.933667374524
        },
        "http_req_connecting": {
            "med": 0,
            "max": 139.6145,
            "p(90)": 17.83048,
            "p(95)": 20.51082,
            "avg": 7.117670258620691,
            "min": 0
        },
        "http_req_duration": {
            "p(95)": 36499.76182,
            "avg": 12846.83237025862,
            "min": 222.0059,
            "med": 297.6053,
            "max": 51706.029,
            "p(90)": 30121.84793
        },
        "dropped_iterations": {
            "count": 193,
            "rate": 2.144342719208448
        },
        "iteration_duration": {
            "p(95)": 36499.995324999996,
            "avg": 12862.560686637937,
            "min": 222.0059,
            "med": 317.39375,
            "max": 51745.0868,
            "p(90)": 30154.93868
        },
        "http_req_blocked": {
            "avg": 15.391552155172416,
            "min": 0,
            "med": 0,
            "max": 156.7594,
            "p(90)": 37.69554,
            "p(95)": 80.2168149999998
        },
        "http_req_waiting": {
            "p(95)": 36497.875145,
            "avg": 12845.597976293102,
            "min": 221.4021,
            "med": 294.8129,
            "max": 51704.3766,
            "p(90)": 30121.34852
        },
        "http_req_receiving": {
            "min": 0,
            "med": 0.39544999999999997,
            "max": 8.7641,
            "p(90)": 3.7889100000000004,
            "p(95)": 5.200739999999994,
            "avg": 1.1814870689655175
        },
        "http_req_failed": {
            "passes": 82,
            "fails": 150,
            "value": 0.35344827586206895
        },
        "http_req_sending": {
            "avg": 0.05290689655172414,
            "min": 0,
            "med": 0,
            "max": 0.778,
            "p(90)": 0,
            "p(95)": 0.5612299999999999
        },
        "checks": {
            "passes": 150,
            "fails": 82,
            "value": 0.646551724137931
        },
        "http_reqs": {
            "count": 232,
            "rate": 2.5776554966650775
        },
        "vus": {
            "max": 75,
            "value": 26,
            "min": 2
        },
        "http_req_duration{expected_response:true}": {
            "min": 222.0059,
            "med": 275.46065,
            "max": 36670.6683,
            "p(90)": 385.7817,
            "p(95)": 9602.313034999717,
            "avg": 1895.5865593333333
        },
        "vus_max": {
            "value": 75,
            "min": 15,
            "max": 75
        },
        "http_req_tls_handshaking": {
            "min": 0,
            "med": 0,
            "max": 107.771,
            "p(90)": 18.874650000000003,
            "p(95)": 37.58011499999982,
            "avg": 8.114552155172413
        },
        "data_received": {
            "count": 430334,
            "rate": 4781.262071128747
        },
        "iterations": {
            "count": 232,
            "rate": 2.5776554966650775
        }
    }
}