{
    "root_group": {
        "name": "",
        "path": "",
        "id": "d41d8cd98f00b204e9800998ecf8427e",
        "groups": {},
        "checks": {
                "status is 2xx": {
                    "fails": 119,
                    "name": "status is 2xx",
                    "path": "::status is 2xx",
                    "id": "625da780c1868b693c9052f10511e6a0",
                    "passes": 100
                }
            }
    },
    "metrics": {
        "http_reqs": {
            "count": 219,
            "rate": 2.433325435840447
        },
        "iterations": {
            "count": 219,
            "rate": 2.433325435840447
        },
        "vus_max": {
            "value": 71,
            "min": 15,
            "max": 71
        },
        "http_req_sending": {
            "avg": 0.03138858447488584,
            "min": 0,
            "med": 0,
            "max": 0.581,
            "p(90)": 0,
            "p(95)": 0.41284999999999916
        },
        "http_req_receiving": {
            "avg": 1.3461662100456624,
            "min": 0,
            "med": 0.5367,
            "max": 11.7677,
            "p(90)": 3.8579800000000075,
            "p(95)": 5.963089999999999
        },
        "http_req_duration{expected_response:true}": {
            "p(95)": 30492.105145,
            "avg": 3768.420849,
            "min": 229.0946,
            "med": 282.19555,
            "max": 31308.0756,
            "p(90)": 29708.318400000004
        },
        "data_received": {
            "count": 355986,
            "rate": 3955.3871625712204
        },
        "http_req_blocked": {
            "p(95)": 53.93138999999998,
            "avg": 13.692857534246572,
            "min": 0,
            "med": 0,
            "max": 148.7905,
            "p(90)": 36.18470000000001
        },
        "http_req_connecting": {
            "avg": 6.1881159817351605,
            "min": 0,
            "med": 0,
            "max": 116.0617,
            "p(90)": 16.938100000000002,
            "p(95)": 21.574099999999994
        },
        "dropped_iterations": {
            "count": 203,
            "rate": 2.2555482350484506
        },
        "http_req_tls_handshaking": {
            "avg": 7.4138789954337865,
            "min": 0,
            "med": 0,
            "max": 129.4508,
            "p(90)": 18.42142,
            "p(95)": 21.80037999999998
        },
        "http_req_duration": {
            "avg": 18610.83108721461,
            "min": 229.0946,
            "med": 30030.3443,
            "max": 44638.7144,
            "p(90)": 31137.371000000003,
            "p(95)": 32210.12429
        },
        "http_req_failed": {
            "passes": 119,
            "fails": 100,
            "value": 0.54337899543379
        },
        "vus": {
            "value": 5,
            "min": 1,
            "max": 71
        },
        "iteration_duration": {
            "med": 30041.0729,
            "max": 44680.3907,
            "p(90)": 31137.8138,
            "p(95)": 32210.12429,
            "avg": 18624.728417351595,
            "min": 229.0946
        },
        "checks": {
            "passes": 100,
            "fails": 119,
            "value": 0.45662100456621
        },
        "http_req_waiting": {
            "avg": 18609.45353242009,
            "min": 227.8626,
            "med": 30029.3578,
            "max": 44629.5854,
            "p(90)": 31137.371000000003,
            "p(95)": 32209.07831
        },
        "data_sent": {
            "count": 173113,
            "rate": 1923.4715350440513
        }
    }
}