{
    "root_group": {
        "name": "",
        "path": "",
        "id": "d41d8cd98f00b204e9800998ecf8427e",
        "groups": {},
        "checks": {
                "status is 2xx": {
                    "name": "status is 2xx",
                    "path": "::status is 2xx",
                    "id": "625da780c1868b693c9052f10511e6a0",
                    "passes": 351,
                    "fails": 0
                }
            }
    },
    "metrics": {
        "http_req_duration": {
            "med": 301.927,
            "max": 530.9075,
            "p(90)": 354.371,
            "p(95)": 357.41290000000004,
            "avg": 303.63450113960096,
            "min": 223.4759
        },
        "iterations": {
            "rate": 5.8214611212624385,
            "count": 351
        },
        "http_reqs": {
            "count": 351,
            "rate": 5.8214611212624385
        },
        "http_req_waiting": {
            "med": 301.3477,
            "max": 530.9075,
            "p(90)": 351.9772,
            "p(95)": 356.60325,
            "avg": 302.3288307692306,
            "min": 220.7405
        },
        "http_req_tls_handshaking": {
            "p(95)": 0,
            "avg": 1.0409931623931623,
            "min": 0,
            "med": 0,
            "max": 109.0123,
            "p(90)": 0
        },
        "http_req_blocked": {
            "p(95)": 0,
            "avg": 1.9754381766381766,
            "min": 0,
            "med": 0,
            "max": 283.7818,
            "p(90)": 0
        },
        "http_req_duration{expected_response:true}": {
            "avg": 303.63450113960096,
            "min": 223.4759,
            "med": 301.927,
            "max": 530.9075,
            "p(90)": 354.371,
            "p(95)": 357.41290000000004
        },
        "http_req_sending": {
            "avg": 0.017492022792022794,
            "min": 0,
            "med": 0,
            "max": 0.7344,
            "p(90)": 0,
            "p(95)": 0
        },
        "data_sent": {
            "count": 113160,
            "rate": 1876.7992606326425
        },
        "checks": {
            "passes": 351,
            "fails": 0,
            "value": 1
        },
        "vus": {
            "max": 3,
            "value": 1,
            "min": 1
        },
        "vus_max": {
            "value": 12,
            "min": 12,
            "max": 12
        },
        "iteration_duration": {
            "avg": 305.9406749287747,
            "min": 224.0194,
            "med": 303.9629,
            "max": 686.8647,
            "p(90)": 355.029,
            "p(95)": 357.4711
        },
        "http_req_receiving": {
            "avg": 1.2881783475783475,
            "min": 0,
            "med": 0.5394,
            "max": 11.3033,
            "p(90)": 4.0444,
            "p(95)": 5.05725
        },
        "http_req_failed": {
            "passes": 0,
            "fails": 351,
            "value": 0
        },
        "http_req_connecting": {
            "avg": 0.8836207977207978,
            "min": 0,
            "med": 0,
            "max": 174.7695,
            "p(90)": 0,
            "p(95)": 0
        },
        "data_received": {
            "count": 541558,
            "rate": 8981.934022531748
        }
    }
}