{
    "metrics": {
        "http_req_duration{expected_response:true}": {
            "avg": 232.37583233333314,
            "min": 214.8903,
            "med": 225.65044999999998,
            "max": 436.2862,
            "p(90)": 242.37916,
            "p(95)": 293.2225450000001
        },
        "http_req_tls_handshaking": {
            "avg": 1.0299296666666669,
            "min": 0,
            "med": 0,
            "max": 109.6516,
            "p(90)": 0,
            "p(95)": 0
        },
        "http_req_receiving": {
            "avg": 1.6219766666666666,
            "min": 0,
            "med": 0.57965,
            "max": 15.9411,
            "p(90)": 5.332230000000003,
            "p(95)": 7.0538050000000005
        },
        "iterations": {
            "count": 300,
            "rate": 4.99283886275453
        },
        "iteration_duration": {
            "med": 225.9948,
            "max": 634.6398,
            "p(90)": 245.27800000000025,
            "p(95)": 315.052275,
            "avg": 234.86315533333328,
            "min": 214.8903
        },
        "vus": {
            "value": 1,
            "min": 1,
            "max": 2
        },
        "checks": {
            "passes": 300,
            "fails": 0,
            "value": 1
        },
        "http_reqs": {
            "count": 300,
            "rate": 4.99283886275453
        },
        "data_sent": {
            "count": 96310,
            "rate": 1602.867702906296
        },
        "data_received": {
            "count": 462209,
            "rate": 7692.450193049695
        },
        "http_req_blocked": {
            "avg": 2.1416383333333333,
            "min": 0,
            "med": 0,
            "max": 198.3536,
            "p(90)": 0,
            "p(95)": 0
        },
        "http_req_connecting": {
            "p(90)": 0,
            "p(95)": 0,
            "avg": 1.054027,
            "min": 0,
            "med": 0,
            "max": 117.5931
        },
        "http_req_waiting": {
            "avg": 230.7165456666666,
            "min": 207.5346,
            "med": 224.5854,
            "max": 435.7205,
            "p(90)": 240.38944000000004,
            "p(95)": 293.18176000000005
        },
        "http_req_sending": {
            "med": 0,
            "max": 7.7965,
            "p(90)": 0,
            "p(95)": 0,
            "avg": 0.037309999999999996,
            "min": 0
        },
        "http_req_duration": {
            "med": 225.65044999999998,
            "max": 436.2862,
            "p(90)": 242.37916,
            "p(95)": 293.2225450000001,
            "avg": 232.37583233333314,
            "min": 214.8903
        },
        "http_req_failed": {
            "passes": 0,
            "fails": 300,
            "value": 0
        },
        "vus_max": {
            "value": 10,
            "min": 10,
            "max": 10
        }
    },
    "root_group": {
        "checks": {
            "status is 2xx": {
                "name": "status is 2xx",
                "path": "::status is 2xx",
                "id": "625da780c1868b693c9052f10511e6a0",
                "passes": 300,
                "fails": 0
            }
        },
        "name": "",
        "path": "",
        "id": "d41d8cd98f00b204e9800998ecf8427e",
        "groups": {}
    }
}