{
    "root_group": {
        "checks": {
            "status is 2xx": {
                "path": "::status is 2xx",
                "id": "625da780c1868b693c9052f10511e6a0",
                "passes": 8,
                "fails": 74,
                "name": "status is 2xx"
            }
        },
        "name": "",
        "path": "",
        "id": "d41d8cd98f00b204e9800998ecf8427e",
        "groups": {}
    },
    "metrics": {
        "http_req_waiting": {
            "p(90)": 49322.095290000005,
            "p(95)": 50136.499455000005,
            "avg": 37991.993658536594,
            "min": 405.3007,
            "med": 36836.9568,
            "max": 50461.8693
        },
        "http_req_duration{expected_response:true}": {
            "p(90)": 37002.918209999996,
            "p(95)": 37059.985605,
            "avg": 24291.189000000002,
            "min": 406.0068,
            "med": 32385.66255,
            "max": 37117.053
        },
        "dropped_iterations": {
            "count": 314,
            "rate": 3.4886529202816416
        },
        "http_reqs": {
            "rate": 0.9110494887359701,
            "count": 82
        },
        "http_req_connecting": {
            "avg": 27.952241463414627,
            "min": 0,
            "med": 14.3566,
            "max": 1022.6538,
            "p(90)": 21.961400000000005,
            "p(95)": 30.453700000000012
        },
        "data_sent": {
            "count": 146456,
            "rate": 1627.1788283209175
        },
        "http_req_sending": {
            "med": 0,
            "max": 0.7688,
            "p(90)": 0.54178,
            "p(95)": 0.575605,
            "avg": 0.07881463414634146,
            "min": 0
        },
        "iteration_duration": {
            "med": 36891.36555,
            "max": 50490.2239,
            "p(90)": 49368.01322,
            "p(95)": 50218.617535000005,
            "avg": 38039.75924024392,
            "min": 406.0068
        },
        "vus_max": {
            "min": 15,
            "max": 72,
            "value": 72
        },
        "http_req_failed": {
            "passes": 74,
            "fails": 8,
            "value": 0.9024390243902439
        },
        "data_received": {
            "count": 214127,
            "rate": 2379.0279740800866
        },
        "http_req_blocked": {
            "p(95)": 97.69658000000003,
            "avg": 46.37967804878049,
            "min": 0,
            "med": 29.8099,
            "max": 1097.1937,
            "p(90)": 66.93378
        },
        "http_req_duration": {
            "med": 36837.21385,
            "max": 50462.8661,
            "p(90)": 49324.43303,
            "p(95)": 50142.794845,
            "avg": 37993.1352109756,
            "min": 406.0068
        },
        "http_req_tls_handshaking": {
            "min": 0,
            "med": 14.87725,
            "max": 87.1222,
            "p(90)": 24.01678000000002,
            "p(95)": 65.38173000000005,
            "avg": 18.112478048780495
        },
        "checks": {
            "passes": 8,
            "fails": 74,
            "value": 0.0975609756097561
        },
        "iterations": {
            "count": 82,
            "rate": 0.9110494887359701
        },
        "vus": {
            "min": 8,
            "max": 72,
            "value": 34
        },
        "http_req_receiving": {
            "p(95)": 5.732065000000006,
            "avg": 1.0627378048780487,
            "min": 0,
            "med": 0.1604,
            "max": 9.3702,
            "p(90)": 3.1078900000000003
        }
    }
}