{
    "root_group": {
        "name": "",
        "path": "",
        "id": "d41d8cd98f00b204e9800998ecf8427e",
        "groups": {},
        "checks": {
                "status is 2xx": {
                    "fails": 84,
                    "name": "status is 2xx",
                    "path": "::status is 2xx",
                    "id": "625da780c1868b693c9052f10511e6a0",
                    "passes": 20
                }
            }
    },
    "metrics": {
        "http_req_receiving": {
            "avg": 1.4270057692307694,
            "min": 0,
            "med": 0.4605,
            "max": 11.4033,
            "p(90)": 4.08234,
            "p(95)": 6.800224999999998
        },
        "data_received": {
            "count": 264081,
            "rate": 2934.032016356549
        },
        "vus_max": {
            "value": 84,
            "min": 17,
            "max": 84
        },
        "http_req_tls_handshaking": {
            "avg": 21.02067019230769,
            "min": 0,
            "med": 16.32385,
            "max": 334.8246,
            "p(90)": 31.517850000000017,
            "p(95)": 60.932455
        },
        "http_req_sending": {
            "min": 0,
            "med": 0,
            "max": 0.7555,
            "p(90)": 0,
            "p(95)": 0.553555,
            "avg": 0.055727884615384624
        },
        "iteration_duration": {
            "max": 60003.31,
            "p(90)": 51123.26158,
            "p(95)": 52293.13231,
            "avg": 35922.5129451923,
            "min": 316.9272,
            "med": 30087.964200000002
        },
        "checks": {
            "passes": 20,
            "fails": 84,
            "value": 0.19230769230769232
        },
        "dropped_iterations": {
            "rate": 4.06638765373691,
            "count": 366
        },
        "http_req_connecting": {
            "min": 0,
            "med": 13.745650000000001,
            "max": 1015.8962,
            "p(90)": 29.477400000000017,
            "p(95)": 83.69073499999973,
            "avg": 26.685761538461534
        },
        "http_reqs": {
            "rate": 1.1554762731930017,
            "count": 104
        },
        "http_req_duration": {
            "avg": 35874.21198365384,
            "min": 262.7996,
            "med": 30042.0923,
            "max": 59971.9073,
            "p(90)": 51089.77203,
            "p(95)": 52248.001525
        },
        "http_req_blocked": {
            "avg": 48.09236346153845,
            "min": 0,
            "med": 30.20295,
            "max": 1030.7018,
            "p(90)": 88.57446000000002,
            "p(95)": 112.18641499999997
        },
        "data_sent": {
            "count": 170640,
            "rate": 1895.869915938979
        },
        "iterations": {
            "count": 104,
            "rate": 1.1554762731930017
        },
        "vus": {
            "value": 31,
            "min": 4,
            "max": 84
        },
        "http_req_failed": {
            "passes": 84,
            "fails": 20,
            "value": 0.8076923076923077
        },
        "http_req_waiting": {
            "min": 262.7996,
            "med": 30041.6321,
            "max": 59971.9073,
            "p(90)": 51089.77203,
            "p(95)": 52246.27815,
            "avg": 35872.729249999975
        },
        "http_req_duration{expected_response:true}": {
            "p(95)": 59749.25628,
            "avg": 15002.211014999999,
            "min": 262.7996,
            "med": 407.82410000000004,
            "max": 59871.8401,
            "p(90)": 33060.57551000004
        }
    }
}