{
    "root_group": {
        "name": "",
        "path": "",
        "id": "d41d8cd98f00b204e9800998ecf8427e",
        "groups": {},
        "checks": {
                "status is 2xx": {
                    "name": "status is 2xx",
                    "path": "::status is 2xx",
                    "id": "625da780c1868b693c9052f10511e6a0",
                    "passes": 6001,
                    "fails": 0
                }
            }
    },
    "metrics": {
        "http_req_waiting": {
            "avg": 22.34482592901182,
            "min": 8.3829,
            "med": 16.6287,
            "max": 1363.3655,
            "p(90)": 30.4432,
            "p(95)": 47.4219
        },
        "data_received": {
            "count": 3070650,
            "rate": 51163.63721249727
        },
        "http_req_tls_handshaking": {
            "p(90)": 0,
            "p(95)": 0,
            "avg": 0.508755174137644,
            "min": 0,
            "med": 0,
            "max": 49.5853
        },
        "checks": {
            "fails": 0,
            "passes": 6001,
            "value": 1
        },
        "iteration_duration": {
            "avg": 24.40039241793042,
            "min": 10.2299,
            "med": 17.6814,
            "max": 1364.3837,
            "p(90)": 36.0277,
            "p(95)": 55.9129
        },
        "http_req_sending": {
            "max": 1.1623,
            "p(90)": 0,
            "p(95)": 0,
            "avg": 0.010614397600399929,
            "min": 0,
            "med": 0
        },
        "http_req_blocked": {
            "med": 0,
            "max": 65.5339,
            "p(90)": 0,
            "p(95)": 0,
            "avg": 0.836857673721046,
            "min": 0
        },
        "http_reqs": {
            "count": 6001,
            "rate": 99.9895744914582
        },
        "vus_max": {
            "value": 200,
            "min": 200,
            "max": 200
        },
        "vus": {
            "value": 1,
            "min": 1,
            "max": 10
        },
        "http_req_duration": {
            "min": 8.9377,
            "med": 17.5021,
            "max": 1364.3837,
            "p(90)": 30.7669,
            "p(95)": 48.2382,
            "avg": 23.416585685719166
        },
        "http_req_receiving": {
            "med": 0.5519,
            "max": 8.3261,
            "p(90)": 3.084,
            "p(95)": 4.1385,
            "avg": 1.0611453591068154,
            "min": 0
        },
        "http_req_failed": {
            "passes": 0,
            "fails": 6001,
            "value": 0
        },
        "iterations": {
            "rate": 99.9895744914582,
            "count": 6001
        },
        "data_sent": {
            "count": 4584911,
            "rate": 76394.48424782637
        },
        "http_req_duration{expected_response:true}": {
            "max": 1364.3837,
            "p(90)": 30.7669,
            "p(95)": 48.2382,
            "avg": 23.416585685719166,
            "min": 8.9377,
            "med": 17.5021
        },
        "http_req_connecting": {
            "med": 0,
            "max": 29.214,
            "p(90)": 0,
            "p(95)": 0,
            "avg": 0.3237516580569904,
            "min": 0
        }
    }
}