{
    "root_group": {
        "path": "",
        "id": "d41d8cd98f00b204e9800998ecf8427e",
        "groups": {},
        "checks": {
                "status is 2xx": {
                    "name": "status is 2xx",
                    "path": "::status is 2xx",
                    "id": "625da780c1868b693c9052f10511e6a0",
                    "passes": 0,
                    "fails": 34
                }
            },
        "name": ""
    },
    "metrics": {
        "http_req_connecting": {
            "med": 0,
            "max": 114.7972,
            "p(90)": 15.472769999999999,
            "p(95)": 17.015684999999998,
            "avg": 7.101952941176471,
            "min": 0
        },
        "http_req_sending": {
            "avg": 0.050938235294117645,
            "min": 0,
            "med": 0,
            "max": 0.6024,
            "p(90)": 0,
            "p(95)": 0.5578349999999999
        },
        "http_req_duration": {
            "p(90)": 153.79085999999998,
            "p(95)": 212.14042499999988,
            "avg": 107.09362352941176,
            "min": 32.2225,
            "med": 101.84235000000001,
            "max": 297.7863
        },
        "checks": {
            "passes": 0,
            "fails": 34,
            "value": 0
        },
        "iteration_duration": {
            "p(90)": 181.92082999999997,
            "p(95)": 232.49006999999992,
            "avg": 121.03031764705881,
            "min": 44.7387,
            "med": 113.95920000000001,
            "max": 324.5959
        },
        "iterations": {
            "count": 34,
            "rate": 1.6998819516978645
        },
        "vus": {
            "max": 1,
            "value": 0,
            "min": 0
        },
        "vus_max": {
            "value": 10,
            "min": 10,
            "max": 10
        },
        "http_reqs": {
            "count": 34,
            "rate": 1.6998819516978645
        },
        "data_received": {
            "count": 33664,
            "rate": 1683.0831182928503
        },
        "http_req_blocked": {
            "min": 0,
            "med": 0,
            "max": 133.8483,
            "p(90)": 33.84563,
            "p(95)": 53.29542999999991,
            "avg": 13.86314117647059
        },
        "http_req_receiving": {
            "p(90)": 4.642389999999999,
            "p(95)": 5.384444999999998,
            "avg": 1.5338852941176473,
            "min": 0,
            "med": 0.7497499999999999,
            "max": 11.064
        },
        "http_req_failed": {
            "passes": 34,
            "fails": 0,
            "value": 1
        },
        "data_sent": {
            "count": 41648,
            "rate": 2082.2553977739017
        },
        "http_req_tls_handshaking": {
            "p(95)": 23.465064999999996,
            "avg": 6.203714705882353,
            "min": 0,
            "med": 0,
            "max": 52.1485,
            "p(90)": 18.60764
        },
        "http_req_waiting": {
            "min": 32.2225,
            "med": 99.74889999999999,
            "max": 297.7863,
            "p(90)": 153.19752,
            "p(95)": 208.26802499999988,
            "avg": 105.5088
        }
    }
}