{
    "metrics": {
        "vus": {
            "value": 1,
            "min": 1,
            "max": 2
        },
        "http_req_connecting": {
            "avg": 0.29988014656895406,
            "min": 0,
            "med": 0,
            "max": 21.543,
            "p(90)": 0,
            "p(95)": 0
        },
        "http_req_duration{expected_response:true}": {
            "avg": 23.31365316455699,
            "min": 15.2764,
            "med": 22.1609,
            "max": 85.5687,
            "p(90)": 28.2585,
            "p(95)": 31.5429
        },
        "http_req_receiving": {
            "avg": 1.909120119920052,
            "min": 0,
            "med": 1.1977,
            "max": 48.4913,
            "p(90)": 4.8786,
            "p(95)": 5.5171
        },
        "iterations": {
            "count": 1501,
            "rate": 25.008130141442887
        },
        "http_reqs": {
            "count": 1501,
            "rate": 25.008130141442887
        },
        "http_req_tls_handshaking": {
            "p(90)": 0,
            "p(95)": 0,
            "avg": 0.5456740839440374,
            "min": 0,
            "med": 0,
            "max": 53.7573
        },
        "data_sent": {
            "count": 1167775,
            "rate": 19456.275267104244
        },
        "http_req_duration": {
            "avg": 23.31365316455699,
            "min": 15.2764,
            "med": 22.1609,
            "max": 85.5687,
            "p(90)": 28.2585,
            "p(95)": 31.5429
        },
        "checks": {
            "passes": 1501,
            "fails": 0,
            "value": 1
        },
        "vus_max": {
            "min": 50,
            "max": 50,
            "value": 50
        },
        "http_req_waiting": {
            "avg": 21.37939626915388,
            "min": 12.8283,
            "med": 20.6871,
            "max": 84.8515,
            "p(90)": 26.322,
            "p(95)": 29.7767
        },
        "data_received": {
            "count": 34931199,
            "rate": 581987.9884001596
        },
        "iteration_duration": {
            "avg": 24.40711752165223,
            "min": 15.2764,
            "med": 22.4556,
            "max": 108.0973,
            "p(90)": 29.6812,
            "p(95)": 37.1019
        },
        "http_req_sending": {
            "avg": 0.02513677548301133,
            "min": 0,
            "med": 0,
            "max": 2.0244,
            "p(90)": 0,
            "p(95)": 0
        },
        "http_req_blocked": {
            "avg": 0.8506849433710855,
            "min": 0,
            "med": 0,
            "max": 68.507,
            "p(90)": 0,
            "p(95)": 0
        },
        "http_req_failed": {
            "passes": 0,
            "fails": 1501,
            "value": 0
        }
    },
    "root_group": {
        "name": "",
        "path": "",
        "id": "d41d8cd98f00b204e9800998ecf8427e",
        "groups": {},
        "checks": {
                "status is 2xx": {
                    "name": "status is 2xx",
                    "path": "::status is 2xx",
                    "id": "625da780c1868b693c9052f10511e6a0",
                    "passes": 1501,
                    "fails": 0
                }
            }
    }
}