{
    "metrics": {
        "http_req_duration": {
            "p(95)": 65.6219249999999,
            "avg": 24.99213823529411,
            "min": 7.0908,
            "med": 12.4176,
            "max": 330.2908,
            "p(90)": 18.14621
        },
        "http_req_sending": {
            "max": 0.6488,
            "p(90)": 0,
            "p(95)": 0.15336999999999906,
            "avg": 0.03197058823529412,
            "min": 0,
            "med": 0
        },
        "data_sent": {
            "rate": 2084.055828436716,
            "count": 41682
        },
        "http_req_connecting": {
            "avg": 5.2813,
            "min": 0,
            "med": 0,
            "max": 71.2104,
            "p(90)": 15.7867,
            "p(95)": 18.495749999999994
        },
        "http_req_waiting": {
            "avg": 23.396411764705878,
            "min": 0.901,
            "med": 11.71725,
            "max": 330.2908,
            "p(90)": 18.14621,
            "p(95)": 60.112379999999916
        },
        "iteration_duration": {
            "max": 330.2908,
            "p(90)": 79.55817999999996,
            "p(95)": 108.85661999999991,
            "avg": 36.47156176470588,
            "min": 8.4144,
            "med": 16.7573
        },
        "iterations": {
            "count": 34,
            "rate": 1.6999639692636714
        },
        "http_req_failed": {
            "passes": 34,
            "fails": 0,
            "value": 1
        },
        "http_req_blocked": {
            "avg": 11.1785,
            "min": 0,
            "med": 0,
            "max": 86.3947,
            "p(90)": 31.48324,
            "p(95)": 50.8341199999999
        },
        "http_req_tls_handshaking": {
            "med": 0,
            "max": 53.7526,
            "p(90)": 14.98441,
            "p(95)": 16.332089999999994,
            "avg": 5.5017852941176475,
            "min": 0
        },
        "vus_max": {
            "min": 10,
            "max": 10,
            "value": 10
        },
        "vus": {
            "value": 0,
            "min": 0,
            "max": 0
        },
        "http_reqs": {
            "count": 34,
            "rate": 1.6999639692636714
        },
        "http_req_receiving": {
            "med": 0.4205,
            "max": 10.5227,
            "p(90)": 6.421909999999999,
            "p(95)": 8.066514999999997,
            "avg": 1.5637558823529412,
            "min": 0
        },
        "data_received": {
            "count": 33224,
            "rate": 1661.1647916122417
        },
        "checks": {
            "passes": 0,
            "fails": 34,
            "value": 0
        }
    },
    "root_group": {
        "checks": {
            "status is 2xx": {
                "passes": 0,
                "fails": 34,
                "name": "status is 2xx",
                "path": "::status is 2xx",
                "id": "625da780c1868b693c9052f10511e6a0"
            }
        },
        "name": "",
        "path": "",
        "id": "d41d8cd98f00b204e9800998ecf8427e",
        "groups": {}
    }
}