{
    "root_group": {
        "id": "d41d8cd98f00b204e9800998ecf8427e",
        "groups": {},
        "checks": {
                "status is 2xx": {
                    "name": "status is 2xx",
                    "path": "::status is 2xx",
                    "id": "625da780c1868b693c9052f10511e6a0",
                    "passes": 4929,
                    "fails": 1745
                }
            },
        "name": "",
        "path": ""
    },
    "metrics": {
        "http_req_duration": {
            "max": 60057.8434,
            "p(90)": 16596.358510000002,
            "p(95)": 35971.34331,
            "avg": 9826.907854659898,
            "min": 0,
            "med": 7565.23465
        },
        "http_req_blocked": {
            "min": 0,
            "med": 0,
            "max": 43927.4295,
            "p(90)": 20008.90105,
            "p(95)": 38230.68757999999,
            "avg": 4332.197790560384
        },
        "iteration_duration": {
            "avg": 15743.795064998532,
            "min": 3.0088,
            "med": 9093.3151,
            "max": 60059.0185,
            "p(90)": 40376.23759999999,
            "p(95)": 50974.55829999998
        },
        "http_req_sending": {
            "med": 0,
            "max": 6.9284,
            "p(90)": 0,
            "p(95)": 0,
            "avg": 0.032169958046149257,
            "min": 0
        },
        "data_sent": {
            "count": 7950891,
            "rate": 88340.5973480647
        },
        "http_req_connecting": {
            "med": 0,
            "max": 15070.7462,
            "p(90)": 22.015229999999978,
            "p(95)": 1074.5014599999995,
            "avg": 514.3433308210969,
            "min": 0
        },
        "http_req_tls_handshaking": {
            "min": 0,
            "med": 0,
            "max": 43918.695,
            "p(90)": 15595.99023,
            "p(95)": 36626.696299999996,
            "avg": 3842.5509820946954
        },
        "vus": {
            "max": 1875,
            "value": 2,
            "min": 2
        },
        "checks": {
            "passes": 4929,
            "fails": 1745,
            "value": 0.7385376086305064
        },
        "http_req_duration{expected_response:true}": {
            "min": 406.1612,
            "med": 7708.4228,
            "max": 59888.1427,
            "p(90)": 11692.180439999998,
            "p(95)": 15413.703139999996,
            "avg": 8826.373388821274
        },
        "http_req_waiting": {
            "avg": 9823.10917969735,
            "min": 0,
            "med": 7564.32295,
            "max": 60057.8434,
            "p(90)": 16595.851749999998,
            "p(95)": 35971.34331
        },
        "http_req_receiving": {
            "max": 1883.3174,
            "p(90)": 3.049809999999999,
            "p(95)": 5.3714849999999945,
            "avg": 3.7665050044950457,
            "min": 0,
            "med": 0.5137
        },
        "vus_max": {
            "value": 1875,
            "min": 375,
            "max": 1875
        },
        "http_req_failed": {
            "passes": 1745,
            "fails": 4929,
            "value": 0.26146239136949356
        },
        "data_received": {
            "count": 120135457,
            "rate": 1334798.5822045277
        },
        "dropped_iterations": {
            "count": 4575,
            "rate": 50.83181656840673
        },
        "http_reqs": {
            "count": 6674,
            "rate": 74.15334290219596
        },
        "iterations": {
            "count": 6674,
            "rate": 74.15334290219596
        }
    }
}