{
    "root_group": {
        "groups": {},
        "checks": {
                "status is 2xx": {
                    "id": "625da780c1868b693c9052f10511e6a0",
                    "passes": 5344,
                    "fails": 0,
                    "name": "status is 2xx",
                    "path": "::status is 2xx"
                }
            },
        "name": "",
        "path": "",
        "id": "d41d8cd98f00b204e9800998ecf8427e"
    },
    "metrics": {
        "iterations": {
            "count": 5344,
            "rate": 160.96768761627385
        },
        "http_req_waiting": {
            "p(90)": 3022.25525,
            "p(95)": 3080.4588149999995,
            "avg": 2388.94482224925,
            "min": 58.6282,
            "med": 2692.3547,
            "max": 5300.9245
        },
        "http_req_failed": {
            "fails": 5344,
            "passes": 0,
            "value": 0
        },
        "http_req_connecting": {
            "p(90)": 6.488959999999994,
            "p(95)": 15.086474999999943,
            "avg": 9.996915007485036,
            "min": 0,
            "med": 0,
            "max": 2057.709
        },
        "checks": {
            "passes": 5344,
            "fails": 0,
            "value": 1
        },
        "http_req_tls_handshaking": {
            "p(95)": 21.192719999999994,
            "avg": 9.317868768712575,
            "min": 0,
            "med": 0,
            "max": 4058.1387,
            "p(90)": 12.353879999999993
        },
        "http_req_duration{expected_response:true}": {
            "avg": 2392.471775580093,
            "min": 67.1647,
            "med": 2693.7491,
            "max": 5300.9245,
            "p(90)": 3024.07909,
            "p(95)": 3083.86582
        },
        "http_req_sending": {
            "p(95)": 0,
            "avg": 0.017233832335329345,
            "min": 0,
            "med": 0,
            "max": 7.6205,
            "p(90)": 0
        },
        "vus_max": {
            "value": 550,
            "min": 370,
            "max": 550
        },
        "iteration_duration": {
            "min": 132.5309,
            "med": 2702.62775,
            "max": 7217.2092,
            "p(90)": 3031.65492,
            "p(95)": 3086.0566799999997,
            "avg": 2411.934088978293
        },
        "dropped_iterations": {
            "rate": 5.8435126118183245,
            "count": 194
        },
        "http_req_receiving": {
            "avg": 3.509719498502992,
            "min": 0,
            "med": 1.2643499999999999,
            "max": 986.2673,
            "p(90)": 5.590959999999999,
            "p(95)": 8.231384999999994
        },
        "data_sent": {
            "count": 4749450,
            "rate": 143059.12873299248
        },
        "vus": {
            "value": 39,
            "min": 39,
            "max": 543
        },
        "http_reqs": {
            "count": 5344,
            "rate": 160.96768761627385
        },
        "http_req_duration": {
            "p(90)": 3024.07909,
            "p(95)": 3083.86582,
            "avg": 2392.471775580093,
            "min": 67.1647,
            "med": 2693.7491,
            "max": 5300.9245
        },
        "http_req_blocked": {
            "med": 0,
            "max": 5150.8182,
            "p(90)": 20.12224999999999,
            "p(95)": 37.77831999999994,
            "avg": 19.32834326347305,
            "min": 0
        },
        "data_received": {
            "count": 125361284,
            "rate": 3776032.1860192716
        }
    }
}