{
    "metrics": {
        "http_req_duration{expected_response:true}": {
            "p(90)": 16.24543,
            "p(95)": 18.33741,
            "avg": 13.01134693333331,
            "min": 0.5927,
            "med": 11.29895,
            "max": 942.8341
        },
        "http_req_tls_handshaking": {
            "p(90)": 0,
            "p(95)": 0,
            "avg": 0.3982432666666666,
            "min": 0,
            "med": 0,
            "max": 34.9724
        },
        "data_received": {
            "count": 1532258,
            "rate": 25537.037639368667
        },
        "http_req_waiting": {
            "min": 0.512,
            "med": 10.1721,
            "max": 941.59,
            "p(90)": 14.925879999999998,
            "p(95)": 17.71814,
            "avg": 10.957557299999989
        },
        "http_req_receiving": {
            "avg": 2.0384577666666654,
            "min": 0,
            "med": 0.98885,
            "max": 12.8967,
            "p(90)": 6.558089999999997,
            "p(95)": 8.865089999999999
        },
        "data_sent": {
            "count": 2292100,
            "rate": 38200.77556990854
        },
        "iterations": {
            "count": 3000,
            "rate": 49.998833693872704
        },
        "iteration_duration": {
            "avg": 13.805692099999977,
            "min": 1.9663,
            "med": 11.489899999999999,
            "max": 942.8341,
            "p(90)": 17.79767,
            "p(95)": 24.157654999999977
        },
        "http_reqs": {
            "count": 3000,
            "rate": 49.998833693872704
        },
        "checks": {
            "passes": 3000,
            "fails": 0,
            "value": 1
        },
        "vus_max": {
            "min": 100,
            "max": 100,
            "value": 100
        },
        "http_req_failed": {
            "passes": 0,
            "fails": 3000,
            "value": 0
        },
        "vus": {
            "value": 1,
            "min": 0,
            "max": 2
        },
        "http_req_duration": {
            "avg": 13.01134693333331,
            "min": 0.5927,
            "med": 11.29895,
            "max": 942.8341,
            "p(90)": 16.24543,
            "p(95)": 18.33741
        },
        "http_req_connecting": {
            "avg": 0.24337540000000005,
            "min": 0,
            "med": 0,
            "max": 18.151,
            "p(90)": 0,
            "p(95)": 0
        },
        "http_req_blocked": {
            "avg": 0.6497918333333331,
            "min": 0,
            "med": 0,
            "max": 49.151,
            "p(90)": 0,
            "p(95)": 0
        },
        "http_req_sending": {
            "max": 1.1998,
            "p(90)": 0,
            "p(95)": 0,
            "avg": 0.015331866666666662,
            "min": 0,
            "med": 0
        }
    },
    "root_group": {
        "name": "",
        "path": "",
        "id": "d41d8cd98f00b204e9800998ecf8427e",
        "groups": {},
        "checks": {
                "status is 2xx": {
                    "path": "::status is 2xx",
                    "id": "625da780c1868b693c9052f10511e6a0",
                    "passes": 3000,
                    "fails": 0,
                    "name": "status is 2xx"
                }
            }
    }
}