{
    "root_group": {
        "name": "",
        "path": "",
        "id": "d41d8cd98f00b204e9800998ecf8427e",
        "groups": {},
        "checks": {
                "status is 2xx": {
                    "name": "status is 2xx",
                    "path": "::status is 2xx",
                    "id": "625da780c1868b693c9052f10511e6a0",
                    "passes": 300,
                    "fails": 0
                }
            }
    },
    "metrics": {
        "vus": {
            "min": 0,
            "max": 1,
            "value": 0
        },
        "vus_max": {
            "value": 10,
            "min": 10,
            "max": 10
        },
        "http_req_waiting": {
            "avg": 69.21224466666668,
            "min": 18.6449,
            "med": 46.08285,
            "max": 293.5641,
            "p(90)": 138.83224,
            "p(95)": 179.22403500000004
        },
        "iteration_duration": {
            "max": 322.4172,
            "p(90)": 145.47815000000006,
            "p(95)": 185.535895,
            "avg": 73.69172966666663,
            "min": 20.0929,
            "med": 49.53305
        },
        "http_req_blocked": {
            "avg": 1.8344826666666665,
            "min": 0,
            "med": 0,
            "max": 160.8242,
            "p(90)": 0,
            "p(95)": 0
        },
        "http_reqs": {
            "count": 300,
            "rate": 4.999950392158859
        },
        "checks": {
            "passes": 300,
            "fails": 0,
            "value": 1
        },
        "iterations": {
            "count": 300,
            "rate": 4.999950392158859
        },
        "http_req_connecting": {
            "med": 0,
            "max": 116.9807,
            "p(90)": 0,
            "p(95)": 0,
            "avg": 0.7982876666666666,
            "min": 0
        },
        "data_sent": {
            "count": 233410,
            "rate": 3890.1280701126643
        },
        "http_req_sending": {
            "max": 0.3034,
            "p(90)": 0,
            "p(95)": 0,
            "avg": 0.0010113333333333333,
            "min": 0,
            "med": 0
        },
        "http_req_duration{expected_response:true}": {
            "min": 20.0929,
            "med": 48.2107,
            "max": 293.5641,
            "p(90)": 139.73637000000008,
            "p(95)": 183.040895,
            "avg": 71.57617933333331
        },
        "http_req_failed": {
            "passes": 0,
            "fails": 300,
            "value": 0
        },
        "http_req_duration": {
            "p(95)": 183.040895,
            "avg": 71.57617933333331,
            "min": 20.0929,
            "med": 48.2107,
            "max": 293.5641,
            "p(90)": 139.73637000000008
        },
        "http_req_tls_handshaking": {
            "avg": 0.9320616666666666,
            "min": 0,
            "med": 0,
            "max": 124.8732,
            "p(90)": 0,
            "p(95)": 0
        },
        "http_req_receiving": {
            "med": 0.7760499999999999,
            "max": 109.6027,
            "p(90)": 4.984460000000003,
            "p(95)": 6.472985,
            "avg": 2.3629233333333337,
            "min": 0
        },
        "data_received": {
            "count": 6980470,
            "rate": 116340.01237984384
        }
    }
}