{
    "root_group": {
        "checks": {
            "status is 2xx": {
                "name": "status is 2xx",
                "path": "::status is 2xx",
                "id": "625da780c1868b693c9052f10511e6a0",
                "passes": 10771,
                "fails": 561
            }
        },
        "name": "",
        "path": "",
        "id": "d41d8cd98f00b204e9800998ecf8427e",
        "groups": {}
    },
    "metrics": {
        "http_req_tls_handshaking": {
            "med": 0,
            "max": 3517.2502,
            "p(90)": 16.194960000000002,
            "p(95)": 61.534894999999985,
            "avg": 24.79129827920931,
            "min": 0
        },
        "dropped_iterations": {
            "count": 669,
            "rate": 8.207645843158815
        },
        "http_req_connecting": {
            "p(90)": 8.789059999999994,
            "p(95)": 19.535634999999992,
            "avg": 15.779265831274273,
            "min": 0,
            "med": 0,
            "max": 3035.9308
        },
        "http_req_duration{expected_response:true}": {
            "min": 112.6051,
            "med": 3060.5024,
            "max": 41987.7001,
            "p(90)": 5297.0097,
            "p(95)": 7565.700500000001,
            "avg": 3631.389134481471
        },
        "http_req_receiving": {
            "p(95)": 12.843369999999988,
            "avg": 12.317171558418536,
            "min": 0,
            "med": 1.1669,
            "max": 3906.8983,
            "p(90)": 7.894049999999997
        },
        "data_sent": {
            "count": 10353465,
            "rate": 127021.78470783301
        },
        "checks": {
            "passes": 10771,
            "fails": 561,
            "value": 0.9504941757853865
        },
        "data_received": {
            "count": 253472321,
            "rate": 3109732.4989708024
        },
        "http_req_waiting": {
            "med": 3052.1872000000003,
            "max": 53734.8853,
            "p(90)": 5841.155769999999,
            "p(95)": 10371.135604999967,
            "avg": 3889.981078847508,
            "min": 5.1249
        },
        "iterations": {
            "count": 11332,
            "rate": 139.0269696482447
        },
        "http_req_duration": {
            "avg": 3902.313788475104,
            "min": 5.1249,
            "med": 3055.6319000000003,
            "max": 53734.8853,
            "p(90)": 5928.06542,
            "p(95)": 10373.273234999964
        },
        "http_req_failed": {
            "passes": 561,
            "fails": 10771,
            "value": 0.049505824214613484
        },
        "iteration_duration": {
            "p(95)": 10513.995804999999,
            "avg": 3943.0381030003487,
            "min": 5.1911,
            "med": 3063.3308500000003,
            "max": 53734.8853,
            "p(90)": 5993.92468
        },
        "http_req_blocked": {
            "p(90)": 27.25783999999999,
            "p(95)": 133.78722499999844,
            "avg": 40.58423430109426,
            "min": 0,
            "med": 0,
            "max": 3664.9748
        },
        "http_req_sending": {
            "p(90)": 0,
            "p(95)": 0,
            "avg": 0.015538069184609945,
            "min": 0,
            "med": 0,
            "max": 3.9561
        },
        "vus": {
            "max": 1030,
            "value": 4,
            "min": 4
        },
        "vus_max": {
            "value": 1034,
            "min": 400,
            "max": 1034
        },
        "http_reqs": {
            "count": 11332,
            "rate": 139.0269696482447
        }
    }
}