{
    "root_group": {
        "path": "",
        "id": "d41d8cd98f00b204e9800998ecf8427e",
        "groups": {},
        "checks": {
                "status is 2xx": {
                    "name": "status is 2xx",
                    "path": "::status is 2xx",
                    "id": "625da780c1868b693c9052f10511e6a0",
                    "passes": 5252,
                    "fails": 0
                }
            },
        "name": ""
    },
    "metrics": {
        "http_req_duration": {
            "p(95)": 3562.178235,
            "avg": 2591.1075637090626,
            "min": 73.3782,
            "med": 2864.69565,
            "max": 7358.8268,
            "p(90)": 3455.0663400000003
        },
        "http_req_tls_handshaking": {
            "avg": 4.570726408987049,
            "min": 0,
            "med": 0,
            "max": 790.7451,
            "p(90)": 15.246030000000001,
            "p(95)": 22.350259999999984
        },
        "data_received": {
            "count": 123438057,
            "rate": 3662728.4969973043
        },
        "http_req_failed": {
            "passes": 0,
            "fails": 5252,
            "value": 0
        },
        "http_req_sending": {
            "min": 0,
            "med": 0,
            "max": 8.1579,
            "p(90)": 0,
            "p(95)": 0,
            "avg": 0.02083935643564358
        },
        "http_req_receiving": {
            "med": 1.21045,
            "max": 2486.1519,
            "p(90)": 7.961510000000002,
            "p(95)": 13.800964999999998,
            "avg": 7.163142022086826,
            "min": 0
        },
        "vus": {
            "value": 142,
            "min": 106,
            "max": 625
        },
        "http_reqs": {
            "count": 5252,
            "rate": 155.84051251090125
        },
        "data_sent": {
            "count": 4813212,
            "rate": 142820.53025583018
        },
        "iterations": {
            "rate": 155.84051251090125,
            "count": 5252
        },
        "http_req_duration{expected_response:true}": {
            "p(95)": 3562.178235,
            "avg": 2591.1075637090626,
            "min": 73.3782,
            "med": 2864.69565,
            "max": 7358.8268,
            "p(90)": 3455.0663400000003
        },
        "iteration_duration": {
            "med": 2869.21675,
            "max": 7756.8586,
            "p(90)": 3461.5969600000003,
            "p(95)": 3678.813994999999,
            "avg": 2605.854152399084,
            "min": 164.1279
        },
        "vus_max": {
            "value": 633,
            "min": 369,
            "max": 633
        },
        "http_req_blocked": {
            "med": 0,
            "max": 1067.1638,
            "p(90)": 25.50146,
            "p(95)": 38.99712499999997,
            "avg": 14.588335891089107,
            "min": 0
        },
        "checks": {
            "passes": 5252,
            "fails": 0,
            "value": 1
        },
        "http_req_waiting": {
            "med": 2860.9163500000004,
            "max": 7358.8268,
            "p(90)": 3449.4043699999997,
            "p(95)": 3552.763075,
            "avg": 2583.923582330542,
            "min": 72.8657
        },
        "dropped_iterations": {
            "count": 273,
            "rate": 8.100620699824075
        },
        "http_req_connecting": {
            "avg": 9.9989738385377,
            "min": 0,
            "med": 0,
            "max": 1044.2702,
            "p(90)": 8.135220000000006,
            "p(95)": 15.681074999999987
        }
    }
}