{
    "metrics": {
        "http_req_sending": {
            "p(95)": 0,
            "avg": 0.01284588946241974,
            "min": 0,
            "med": 0,
            "max": 3.178,
            "p(90)": 0
        },
        "data_sent": {
            "count": 6272568,
            "rate": 104523.98115401977
        },
        "data_received": {
            "count": 185042222,
            "rate": 3083481.8729786496
        },
        "iterations": {
            "count": 7943,
            "rate": 132.35950288723518
        },
        "vus_max": {
            "value": 323,
            "min": 267,
            "max": 323
        },
        "dropped_iterations": {
            "count": 57,
            "rate": 0.9498289896226118
        },
        "http_reqs": {
            "count": 7943,
            "rate": 132.35950288723518
        },
        "http_req_blocked": {
            "max": 4029.7592,
            "p(90)": 0,
            "p(95)": 0,
            "avg": 15.47001630366361,
            "min": 0,
            "med": 0
        },
        "iteration_duration": {
            "p(90)": 701.28444,
            "p(95)": 1283.456909999999,
            "avg": 394.7225131184683,
            "min": 14.4173,
            "med": 142.9108,
            "max": 12673.0744
        },
        "http_req_tls_handshaking": {
            "max": 3865.0455,
            "p(90)": 0,
            "p(95)": 0,
            "avg": 8.673825355659071,
            "min": 0,
            "med": 0
        },
        "http_req_duration{expected_response:true}": {
            "p(95)": 1174.307809999999,
            "avg": 379.1040066221816,
            "min": 14.179,
            "med": 141.8268,
            "max": 12673.0744,
            "p(90)": 693.7847399999999
        },
        "http_req_waiting": {
            "med": 135.9817,
            "max": 10438.9393,
            "p(90)": 674.4963600000001,
            "p(95)": 922.7252699999989,
            "avg": 342.7997977464425,
            "min": 12.076
        },
        "checks": {
            "passes": 7943,
            "fails": 0,
            "value": 1
        },
        "http_req_failed": {
            "passes": 0,
            "fails": 7943,
            "value": 0
        },
        "http_req_connecting": {
            "avg": 6.7898682361828,
            "min": 0,
            "med": 0,
            "max": 3102.8251,
            "p(90)": 0,
            "p(95)": 0
        },
        "vus": {
            "value": 3,
            "min": 2,
            "max": 300
        },
        "http_req_duration": {
            "max": 12673.0744,
            "p(90)": 693.7847399999999,
            "p(95)": 1174.307809999999,
            "avg": 379.1040066221816,
            "min": 14.179,
            "med": 141.8268
        },
        "http_req_receiving": {
            "max": 7924.3545,
            "p(90)": 32.76362000000001,
            "p(95)": 87.863,
            "avg": 36.29136298627725,
            "min": 0,
            "med": 1.569
        }
    },
    "root_group": {
        "name": "",
        "path": "",
        "id": "d41d8cd98f00b204e9800998ecf8427e",
        "groups": {},
        "checks": {
                "status is 2xx": {
                    "path": "::status is 2xx",
                    "id": "625da780c1868b693c9052f10511e6a0",
                    "passes": 7943,
                    "fails": 0,
                    "name": "status is 2xx"
                }
            }
    }
}