{
    "metrics": {
        "http_req_failed": {
            "passes": 0,
            "fails": 5207,
            "value": 0
        },
        "data_sent": {
            "count": 4879229,
            "rate": 146309.7394338043
        },
        "http_req_duration{expected_response:true}": {
            "avg": 2698.9284261186904,
            "min": 70.724,
            "med": 2829.9397,
            "max": 6189.8672,
            "p(90)": 3556.45072,
            "p(95)": 4102.2071399999995
        },
        "checks": {
            "passes": 5207,
            "fails": 0,
            "value": 1
        },
        "vus_max": {
            "value": 694,
            "min": 370,
            "max": 694
        },
        "http_reqs": {
            "count": 5207,
            "rate": 156.13835981705694
        },
        "vus": {
            "value": 77,
            "min": 77,
            "max": 692
        },
        "http_req_connecting": {
            "avg": 27.714949049356637,
            "min": 0,
            "med": 0,
            "max": 1169.7343,
            "p(90)": 22.739180000000133,
            "p(95)": 117.83422999999992
        },
        "data_received": {
            "count": 122553520,
            "rate": 3674919.4550810223
        },
        "http_req_receiving": {
            "p(90)": 8.903440000000002,
            "p(95)": 35.546129999999984,
            "avg": 10.537039101209906,
            "min": 0,
            "med": 1.0803,
            "max": 1716.0286
        },
        "iterations": {
            "count": 5207,
            "rate": 156.13835981705694
        },
        "dropped_iterations": {
            "count": 343,
            "rate": 10.28528085601124
        },
        "http_req_sending": {
            "avg": 0.01973274438256192,
            "min": 0,
            "med": 0,
            "max": 2.5185,
            "p(90)": 0,
            "p(95)": 0
        },
        "http_req_waiting": {
            "p(95)": 4075.13339,
            "avg": 2688.3716542730954,
            "min": 62.0933,
            "med": 2828.3421,
            "max": 6181.5356,
            "p(90)": 3506.1439800000003
        },
        "iteration_duration": {
            "min": 156.0764,
            "med": 2835.8388,
            "max": 7153.7424,
            "p(90)": 3625.686440000001,
            "p(95)": 4133.935119999999,
            "avg": 2745.6082083925526
        },
        "http_req_blocked": {
            "p(95)": 250.52326999999988,
            "avg": 46.521960917995045,
            "min": 0,
            "med": 0,
            "max": 1877.2242,
            "p(90)": 59.32642000000065
        },
        "http_req_duration": {
            "max": 6189.8672,
            "p(90)": 3556.45072,
            "p(95)": 4102.2071399999995,
            "avg": 2698.9284261186904,
            "min": 70.724,
            "med": 2829.9397
        },
        "http_req_tls_handshaking": {
            "p(95)": 93.44726999999992,
            "avg": 18.790217879777238,
            "min": 0,
            "med": 0,
            "max": 1459.5762,
            "p(90)": 22.70050000000005
        }
    },
    "root_group": {
        "name": "",
        "path": "",
        "id": "d41d8cd98f00b204e9800998ecf8427e",
        "groups": {},
        "checks": {
                "status is 2xx": {
                    "name": "status is 2xx",
                    "path": "::status is 2xx",
                    "id": "625da780c1868b693c9052f10511e6a0",
                    "passes": 5207,
                    "fails": 0
                }
            }
    }
}