{
    "root_group": {
        "name": "",
        "path": "",
        "id": "d41d8cd98f00b204e9800998ecf8427e",
        "groups": {},
        "checks": {
                "status is 2xx": {
                    "passes": 808,
                    "fails": 1326,
                    "name": "status is 2xx",
                    "path": "::status is 2xx",
                    "id": "625da780c1868b693c9052f10511e6a0"
                }
            }
    },
    "metrics": {
        "data_received": {
            "count": 3867380,
            "rate": 42967.22039535289
        },
        "http_req_duration": {
            "med": 14877.7053,
            "max": 60151.119,
            "p(90)": 59982.36022,
            "p(95)": 60000.951235,
            "avg": 28684.21671729146,
            "min": 5.4961
        },
        "http_req_receiving": {
            "p(90)": 0.8398700000000004,
            "p(95)": 1.5977899999999976,
            "avg": 0.24451804123711357,
            "min": 0,
            "med": 0,
            "max": 6.7949
        },
        "http_req_failed": {
            "fails": 808,
            "passes": 1326,
            "value": 0.6213683223992502
        },
        "checks": {
            "passes": 808,
            "fails": 1326,
            "value": 0.3786316776007498
        },
        "http_req_blocked": {
            "p(90)": 45335.406240000004,
            "p(95)": 46157.21301,
            "avg": 6891.388086457353,
            "min": 0,
            "med": 21.223,
            "max": 47444.8783
        },
        "data_sent": {
            "count": 3741920,
            "rate": 41573.33940336323
        },
        "vus": {
            "value": 86,
            "min": 2,
            "max": 1334
        },
        "http_reqs": {
            "count": 2134,
            "rate": 23.709086855618807
        },
        "http_req_duration{expected_response:true}": {
            "p(95)": 192.36763,
            "avg": 623.5272888613862,
            "min": 8.4894,
            "med": 27.51525,
            "max": 32677.6559,
            "p(90)": 113.17758000000009
        },
        "http_req_connecting": {
            "p(95)": 14.932844999999997,
            "avg": 6.392008856607313,
            "min": 0,
            "med": 6.49705,
            "max": 100.2155,
            "p(90)": 12.63698
        },
        "iterations": {
            "count": 2134,
            "rate": 23.709086855618807
        },
        "http_req_sending": {
            "avg": 0.36870848172446125,
            "min": 0,
            "med": 0,
            "max": 112.3922,
            "p(90)": 0.52505,
            "p(95)": 0.5589749999999999
        },
        "http_req_tls_handshaking": {
            "p(90)": 45329.32638,
            "p(95)": 46149.69053,
            "avg": 6884.9024300374895,
            "min": 0,
            "med": 12.897300000000001,
            "max": 47437.7527
        },
        "http_req_waiting": {
            "p(90)": 59982.24613,
            "p(95)": 60000.949315,
            "avg": 28683.603490768528,
            "min": 5.4961,
            "med": 14877.7053,
            "max": 60144.3241
        },
        "iteration_duration": {
            "avg": 35576.23422310219,
            "min": 5.9676,
            "med": 60000.89915,
            "max": 60155.5541,
            "p(90)": 60002.114440000005,
            "p(95)": 60002.59918
        },
        "dropped_iterations": {
            "rate": 64.21673946835834,
            "count": 5780
        },
        "vus_max": {
            "value": 1334,
            "min": 267,
            "max": 1334
        }
    }
}