{
    "root_group": {
        "groups": {},
        "checks": {
                "status is 2xx": {
                    "id": "625da780c1868b693c9052f10511e6a0",
                    "passes": 4864,
                    "fails": 53,
                    "name": "status is 2xx",
                    "path": "::status is 2xx"
                }
            },
        "name": "",
        "path": "",
        "id": "d41d8cd98f00b204e9800998ecf8427e"
    },
    "metrics": {
        "http_req_tls_handshaking": {
            "avg": 3.127482387634733,
            "min": 0,
            "med": 0,
            "max": 88.6175,
            "p(90)": 14.228400000000002,
            "p(95)": 16.96762
        },
        "vus": {
            "value": 1,
            "min": 1,
            "max": 966
        },
        "http_req_connecting": {
            "p(90)": 8.518820000000002,
            "p(95)": 11.378899999999996,
            "avg": 1.8739867805572519,
            "min": 0,
            "med": 0,
            "max": 32.7626
        },
        "vus_max": {
            "value": 968,
            "min": 370,
            "max": 968
        },
        "iteration_duration": {
            "p(90)": 7493.483960000005,
            "p(95)": 13045.4546,
            "avg": 4718.591569676624,
            "min": 152.9562,
            "med": 3678.9912,
            "max": 31743.1834
        },
        "http_req_duration": {
            "avg": 4713.396646105354,
            "min": 61.4539,
            "med": 3675.6596,
            "max": 31743.1834,
            "p(90)": 7492.872240000005,
            "p(95)": 13044.97444
        },
        "http_req_blocked": {
            "avg": 5.023051250762656,
            "min": 0,
            "med": 0,
            "max": 102.3489,
            "p(90)": 23.69966,
            "p(95)": 27.27488
        },
        "data_sent": {
            "rate": 87674.52844022284,
            "count": 5104913
        },
        "http_req_duration{expected_response:true}": {
            "avg": 4575.003951254117,
            "min": 61.4539,
            "med": 3669.97975,
            "max": 31743.1834,
            "p(90)": 7003.390139999998,
            "p(95)": 11697.302454999988
        },
        "http_req_receiving": {
            "p(95)": 4.3364,
            "avg": 1.3141088468578435,
            "min": 0,
            "med": 0.5755,
            "max": 248.2403,
            "p(90)": 3.0966800000000023
        },
        "iterations": {
            "count": 4917,
            "rate": 84.44720925519705
        },
        "http_reqs": {
            "count": 4917,
            "rate": 84.44720925519705
        },
        "checks": {
            "passes": 4864,
            "fails": 53,
            "value": 0.9892210697579825
        },
        "http_req_sending": {
            "min": 0,
            "med": 0,
            "max": 3.534,
            "p(90)": 0,
            "p(95)": 0,
            "avg": 0.023775818588570266
        },
        "http_req_waiting": {
            "med": 3673.8751,
            "max": 31743.1834,
            "p(90)": 7492.262480000004,
            "p(95)": 13044.780219999999,
            "avg": 4712.058761439917,
            "min": 60.8369
        },
        "http_req_failed": {
            "passes": 53,
            "fails": 4864,
            "value": 0.01077893024201749
        },
        "dropped_iterations": {
            "count": 633,
            "rate": 10.871483314732506
        },
        "data_received": {
            "rate": 1980582.0984433184,
            "count": 115320829
        }
    }
}