{
    "root_group": {
        "name": "",
        "path": "",
        "id": "d41d8cd98f00b204e9800998ecf8427e",
        "groups": {},
        "checks": {
                "status is 2xx": {
                    "name": "status is 2xx",
                    "path": "::status is 2xx",
                    "id": "625da780c1868b693c9052f10511e6a0",
                    "passes": 201,
                    "fails": 0
                }
            }
    },
    "metrics": {
        "checks": {
            "passes": 201,
            "fails": 0,
            "value": 1
        },
        "data_received": {
            "rate": 78034.66291783286,
            "count": 4685307
        },
        "http_req_failed": {
            "passes": 0,
            "fails": 201,
            "value": 0
        },
        "vus": {
            "max": 1,
            "value": 0,
            "min": 0
        },
        "http_req_receiving": {
            "p(90)": 5.6668,
            "p(95)": 6.7603,
            "avg": 2.2591492537313433,
            "min": 0,
            "med": 1.1196,
            "max": 19.3201
        },
        "data_sent": {
            "rate": 2692.061105221902,
            "count": 161635
        },
        "iteration_duration": {
            "avg": 74.28153631840797,
            "min": 23.1518,
            "med": 47.88,
            "max": 330.1995,
            "p(90)": 143.1294,
            "p(95)": 214.7532
        },
        "http_req_tls_handshaking": {
            "med": 0,
            "max": 53.2253,
            "p(90)": 0,
            "p(95)": 0,
            "avg": 0.9557009950248756,
            "min": 0
        },
        "http_req_blocked": {
            "med": 0,
            "max": 133.5162,
            "p(90)": 0,
            "p(95)": 0.461,
            "avg": 2.3872402985074626,
            "min": 0
        },
        "http_reqs": {
            "count": 201,
            "rate": 3.347692530390091
        },
        "http_req_waiting": {
            "min": 20.0025,
            "med": 40.3787,
            "max": 324.3941,
            "p(90)": 139.7128,
            "p(95)": 214.027,
            "avg": 69.39894378109452
        },
        "iterations": {
            "count": 201,
            "rate": 3.347692530390091
        },
        "http_req_duration": {
            "min": 23.1518,
            "med": 42.5684,
            "max": 329.9242,
            "p(90)": 140.1925,
            "p(95)": 214.027,
            "avg": 71.67584676616919
        },
        "http_req_duration{expected_response:true}": {
            "avg": 71.67584676616919,
            "min": 23.1518,
            "med": 42.5684,
            "max": 329.9242,
            "p(90)": 140.1925,
            "p(95)": 214.027
        },
        "http_req_sending": {
            "avg": 0.017753731343283584,
            "min": 0,
            "med": 0,
            "max": 2.017,
            "p(90)": 0,
            "p(95)": 0
        },
        "vus_max": {
            "value": 10,
            "min": 10,
            "max": 10
        },
        "http_req_connecting": {
            "p(95)": 0,
            "avg": 1.338596517412935,
            "min": 0,
            "med": 0,
            "max": 119.8173,
            "p(90)": 0
        }
    }
}