{
    "root_group": {
        "name": "",
        "path": "",
        "id": "d41d8cd98f00b204e9800998ecf8427e",
        "groups": {},
        "checks": {
                "status is 2xx": {
                    "passes": 9391,
                    "fails": 824,
                    "name": "status is 2xx",
                    "path": "::status is 2xx",
                    "id": "625da780c1868b693c9052f10511e6a0"
                }
            }
    },
    "metrics": {
        "data_received": {
            "count": 222563960,
            "rate": 2472826.0930251004
        },
        "http_req_receiving": {
            "med": 0.874,
            "max": 4845.2476,
            "p(90)": 6.896980000000002,
            "p(95)": 12.07034,
            "avg": 8.422938864415038,
            "min": 0
        },
        "http_req_failed": {
            "passes": 824,
            "fails": 9391,
            "value": 0.08066568771414587
        },
        "data_sent": {
            "count": 10177674,
            "rate": 113080.38297621567
        },
        "iteration_duration": {
            "avg": 5193.133327351941,
            "min": 1.4377,
            "med": 3671.7832,
            "max": 60010.6984,
            "p(90)": 7819.844660000001,
            "p(95)": 14321.950549999998
        },
        "dropped_iterations": {
            "count": 781,
            "rate": 8.67740302002446
        },
        "iterations": {
            "count": 10215,
            "rate": 113.49509839891148
        },
        "http_req_duration{expected_response:true}": {
            "p(95)": 10775.30965,
            "avg": 4953.876173176445,
            "min": 114.7539,
            "med": 3674.3803,
            "max": 59544.1679,
            "p(90)": 7173.632
        },
        "checks": {
            "passes": 9391,
            "fails": 824,
            "value": 0.9193343122858542
        },
        "http_req_tls_handshaking": {
            "med": 0,
            "max": 2625.0137,
            "p(90)": 20.68770000000002,
            "p(95)": 161.55488999999997,
            "avg": 30.924785619187514,
            "min": 0
        },
        "vus": {
            "value": 5,
            "min": 5,
            "max": 1072
        },
        "vus_max": {
            "value": 1131,
            "min": 367,
            "max": 1131
        },
        "http_req_sending": {
            "avg": 0.019110915320606957,
            "min": 0,
            "med": 0,
            "max": 5.5589,
            "p(90)": 0,
            "p(95)": 0
        },
        "http_req_waiting": {
            "min": 1.4377,
            "med": 3652.639,
            "max": 60002.0201,
            "p(90)": 7743.682760000002,
            "p(95)": 14317.384089999996,
            "avg": 5134.109704865374
        },
        "http_reqs": {
            "count": 10215,
            "rate": 113.49509839891148
        },
        "http_req_blocked": {
            "avg": 50.41900643171798,
            "min": 0,
            "med": 0,
            "max": 3622.9784,
            "p(90)": 36.4416,
            "p(95)": 324.63432999999947
        },
        "http_req_connecting": {
            "max": 3041.673,
            "p(90)": 10.629740000000004,
            "p(95)": 30.84248,
            "avg": 19.478837816935926,
            "min": 0,
            "med": 0
        },
        "http_req_duration": {
            "p(90)": 7757.133940000002,
            "p(95)": 14318.163259999998,
            "avg": 5142.551754645133,
            "min": 1.4377,
            "med": 3659.0973,
            "max": 60002.0201
        }
    }
}