{
    "root_group": {
        "name": "",
        "path": "",
        "id": "d41d8cd98f00b204e9800998ecf8427e",
        "groups": {},
        "checks": {
                "status is 2xx": {
                    "passes": 5064,
                    "fails": 3,
                    "name": "status is 2xx",
                    "path": "::status is 2xx",
                    "id": "625da780c1868b693c9052f10511e6a0"
                }
            }
    },
    "metrics": {
        "http_req_sending": {
            "med": 0,
            "max": 2.0644,
            "p(90)": 0,
            "p(95)": 0,
            "avg": 0.019619873692520228,
            "min": 0
        },
        "http_req_waiting": {
            "avg": 3025.5171740872293,
            "min": 0,
            "med": 2328.0267,
            "max": 16551.3845,
            "p(90)": 5483.860340000006,
            "p(95)": 7570.05758
        },
        "http_req_duration{expected_response:true}": {
            "avg": 3146.6130018364915,
            "min": 70.3765,
            "med": 2340.16445,
            "max": 17543.4375,
            "p(90)": 6091.81686,
            "p(95)": 8265.773469999964
        },
        "iterations": {
            "count": 5067,
            "rate": 144.62177643640266
        },
        "http_req_failed": {
            "passes": 3,
            "fails": 5064,
            "value": 0.0005920663114268798
        },
        "http_req_duration": {
            "avg": 3144.7502362541927,
            "min": 0,
            "med": 2340.0645,
            "max": 17543.4375,
            "p(90)": 6091.6336200000005,
            "p(95)": 8255.557239999987
        },
        "http_req_blocked": {
            "avg": 230.29299932899153,
            "min": 0,
            "med": 0,
            "max": 12145.0668,
            "p(90)": 39.65836000000007,
            "p(95)": 1842.4916899999973
        },
        "dropped_iterations": {
            "count": 478,
            "rate": 13.643025288454798
        },
        "iteration_duration": {
            "p(90)": 6671.488420000003,
            "p(95)": 8433.36541,
            "avg": 3375.1749154134604,
            "min": 98.4011,
            "med": 2635.9636,
            "max": 17543.4375
        },
        "vus": {
            "value": 9,
            "min": 9,
            "max": 805
        },
        "http_req_connecting": {
            "avg": 126.43058405368072,
            "min": 0,
            "med": 0,
            "max": 7054.4236,
            "p(90)": 15.869440000000044,
            "p(95)": 1042.9498999999985
        },
        "http_req_receiving": {
            "min": 0,
            "med": 5.8344,
            "max": 11651.0707,
            "p(90)": 40.37252000000003,
            "p(95)": 188.49262999999988,
            "avg": 119.2134422932698
        },
        "vus_max": {
            "value": 827,
            "min": 370,
            "max": 827
        },
        "data_received": {
            "count": 119585172,
            "rate": 3413187.2923017084
        },
        "http_reqs": {
            "rate": 144.62177643640266,
            "count": 5067
        },
        "checks": {
            "passes": 5064,
            "fails": 3,
            "value": 0.9994079336885732
        },
        "http_req_tls_handshaking": {
            "max": 11899.2648,
            "p(90)": 24.237200000000037,
            "p(95)": 420.18066999999894,
            "avg": 103.83635760805215,
            "min": 0,
            "med": 0
        },
        "data_sent": {
            "count": 4992002,
            "rate": 142481.19147702286
        }
    }
}