{
    "root_group": {
        "path": "",
        "id": "d41d8cd98f00b204e9800998ecf8427e",
        "groups": {},
        "checks": {
                "status is 2xx": {
                    "path": "::status is 2xx",
                    "id": "625da780c1868b693c9052f10511e6a0",
                    "passes": 500,
                    "fails": 0,
                    "name": "status is 2xx"
                }
            },
        "name": ""
    },
    "metrics": {
        "checks": {
            "passes": 500,
            "fails": 0,
            "value": 1
        },
        "http_req_duration{expected_response:true}": {
            "p(90)": 32.67546000000001,
            "p(95)": 41.83133999999999,
            "avg": 27.82239700000002,
            "min": 16.6976,
            "med": 24.1079,
            "max": 248.0613
        },
        "http_req_failed": {
            "passes": 0,
            "fails": 500,
            "value": 0
        },
        "http_req_sending": {
            "max": 2.0379,
            "p(90)": 0,
            "p(95)": 0,
            "avg": 0.021177400000000006,
            "min": 0,
            "med": 0
        },
        "http_req_waiting": {
            "p(95)": 40.62677499999999,
            "avg": 25.92216120000003,
            "min": 14.9726,
            "med": 22.4692,
            "max": 247.0415,
            "p(90)": 29.913809999999998
        },
        "data_received": {
            "count": 11636563,
            "rate": 193939.82049868055
        },
        "http_req_tls_handshaking": {
            "p(95)": 0,
            "avg": 0.6608610000000001,
            "min": 0,
            "med": 0,
            "max": 50.7977,
            "p(90)": 0
        },
        "vus_max": {
            "min": 17,
            "max": 17,
            "value": 17
        },
        "http_req_blocked": {
            "max": 142.7632,
            "p(90)": 0,
            "p(95)": 0,
            "avg": 1.3460718000000003,
            "min": 0,
            "med": 0
        },
        "data_sent": {
            "count": 389547,
            "rate": 6492.353047527824
        },
        "iterations": {
            "count": 500,
            "rate": 8.333208890747231
        },
        "http_req_receiving": {
            "avg": 1.8790583999999992,
            "min": 0,
            "med": 1.1705,
            "max": 15.3488,
            "p(90)": 4.61303,
            "p(95)": 5.784624999999998
        },
        "vus": {
            "value": 0,
            "min": 0,
            "max": 1
        },
        "http_reqs": {
            "count": 500,
            "rate": 8.333208890747231
        },
        "http_req_duration": {
            "min": 16.6976,
            "med": 24.1079,
            "max": 248.0613,
            "p(90)": 32.67546000000001,
            "p(95)": 41.83133999999999,
            "avg": 27.82239700000002
        },
        "http_req_connecting": {
            "med": 0,
            "max": 124.0127,
            "p(90)": 0,
            "p(95)": 0,
            "avg": 0.6516798,
            "min": 0
        },
        "iteration_duration": {
            "p(90)": 33.91461,
            "p(95)": 51.54802999999999,
            "avg": 29.42369500000003,
            "min": 16.6976,
            "med": 24.4345,
            "max": 260.6892
        }
    }
}