{
    "root_group": {
        "groups": {},
        "checks": {
                "status is 2xx": {
                    "name": "status is 2xx",
                    "path": "::status is 2xx",
                    "id": "625da780c1868b693c9052f10511e6a0",
                    "passes": 5430,
                    "fails": 0
                }
            },
        "name": "",
        "path": "",
        "id": "d41d8cd98f00b204e9800998ecf8427e"
    },
    "metrics": {
        "http_req_duration": {
            "avg": 1910.1495881031265,
            "min": 120.4154,
            "med": 2150.0670499999997,
            "max": 2863.9268,
            "p(90)": 2633.5748200000003,
            "p(95)": 2731.3093
        },
        "http_req_connecting": {
            "med": 0,
            "max": 1030.7623,
            "p(90)": 0,
            "p(95)": 15.101825000000018,
            "avg": 4.247274254143639,
            "min": 0
        },
        "http_req_receiving": {
            "avg": 1.7814363167587492,
            "min": 0,
            "med": 0.9802,
            "max": 160.6125,
            "p(90)": 4.127850000000001,
            "p(95)": 5.876890000000006
        },
        "http_req_failed": {
            "passes": 0,
            "fails": 5430,
            "value": 0
        },
        "checks": {
            "passes": 5430,
            "fails": 0,
            "value": 1
        },
        "iteration_duration": {
            "avg": 1918.1013412522982,
            "min": 188.242,
            "med": 2151.02205,
            "max": 3179.8005,
            "p(90)": 2634.10866,
            "p(95)": 2735.03937
        },
        "data_sent": {
            "count": 4711567,
            "rate": 144567.18299383647
        },
        "http_reqs": {
            "count": 5430,
            "rate": 166.61119403725598
        },
        "vus": {
            "value": 113,
            "min": 75,
            "max": 476
        },
        "http_req_duration{expected_response:true}": {
            "min": 120.4154,
            "med": 2150.0670499999997,
            "max": 2863.9268,
            "p(90)": 2633.5748200000003,
            "p(95)": 2731.3093,
            "avg": 1910.1495881031265
        },
        "http_req_blocked": {
            "med": 0,
            "max": 1119.8121,
            "p(90)": 0,
            "p(95)": 37.70268000000003,
            "avg": 7.7971987292817655,
            "min": 0
        },
        "vus_max": {
            "value": 487,
            "min": 370,
            "max": 487
        },
        "http_req_waiting": {
            "p(90)": 2630.93703,
            "p(95)": 2729.327315,
            "avg": 1908.3547587292824,
            "min": 116.3157,
            "med": 2147.94295,
            "max": 2856.4172
        },
        "data_received": {
            "count": 127192950,
            "rate": 3902719.939709208
        },
        "iterations": {
            "count": 5430,
            "rate": 166.61119403725598
        },
        "dropped_iterations": {
            "count": 118,
            "rate": 3.6206484155425795
        },
        "http_req_tls_handshaking": {
            "avg": 3.53875082872928,
            "min": 0,
            "med": 0,
            "max": 795.2175,
            "p(90)": 0,
            "p(95)": 22.31081
        },
        "http_req_sending": {
            "avg": 0.013393057090239411,
            "min": 0,
            "med": 0,
            "max": 3.3231,
            "p(90)": 0,
            "p(95)": 0
        }
    }
}