{
    "root_group": {
        "name": "",
        "path": "",
        "id": "d41d8cd98f00b204e9800998ecf8427e",
        "groups": {},
        "checks": {
                "status is 2xx": {
                    "name": "status is 2xx",
                    "path": "::status is 2xx",
                    "id": "625da780c1868b693c9052f10511e6a0",
                    "passes": 4620,
                    "fails": 219
                }
            }
    },
    "metrics": {
        "vus_max": {
            "value": 1052,
            "min": 370,
            "max": 1052
        },
        "vus": {
            "value": 3,
            "min": 3,
            "max": 1018
        },
        "http_req_duration": {
            "min": 3.9148,
            "med": 3915.7737,
            "max": 35791.3375,
            "p(90)": 9421.534839999998,
            "p(95)": 14998.063319999996,
            "avg": 5243.190672514982
        },
        "http_req_failed": {
            "passes": 219,
            "fails": 4620,
            "value": 0.04525728456292622
        },
        "http_req_blocked": {
            "avg": 22.32265120892744,
            "min": 0,
            "med": 0,
            "max": 1470.2705,
            "p(90)": 31.1681,
            "p(95)": 56.46988999999995
        },
        "iteration_duration": {
            "p(90)": 9421.534839999998,
            "p(95)": 15007.118239999993,
            "avg": 5265.672751973555,
            "min": 3.9148,
            "med": 3920.4286,
            "max": 35809.1536
        },
        "data_sent": {
            "rate": 115851.12639581333,
            "count": 5377758
        },
        "http_req_connecting": {
            "avg": 6.025477082041748,
            "min": 0,
            "med": 0,
            "max": 1043.3733,
            "p(90)": 11.739339999999999,
            "p(95)": 16.817649999999947
        },
        "iterations": {
            "count": 4839,
            "rate": 104.2448545712434
        },
        "dropped_iterations": {
            "count": 711,
            "rate": 15.316819921503216
        },
        "http_req_sending": {
            "avg": 0.026596941516842314,
            "min": 0,
            "med": 0,
            "max": 2.706,
            "p(90)": 0,
            "p(95)": 0
        },
        "data_received": {
            "rate": 2375151.518301964,
            "count": 110253482
        },
        "http_req_duration{expected_response:true}": {
            "avg": 5192.633597597405,
            "min": 43.8493,
            "med": 3919.73135,
            "max": 35791.3375,
            "p(90)": 8444.380660000006,
            "p(95)": 14060.60332000001
        },
        "http_req_waiting": {
            "avg": 5241.493994523667,
            "min": 3.9148,
            "med": 3913.4505,
            "max": 35790.0058,
            "p(90)": 9421.534839999998,
            "p(95)": 14990.89337999999
        },
        "http_reqs": {
            "count": 4839,
            "rate": 104.2448545712434
        },
        "http_req_tls_handshaking": {
            "avg": 16.275058028518295,
            "min": 0,
            "med": 0,
            "max": 1249.5717,
            "p(90)": 18.766859999999998,
            "p(95)": 29.701039999999985
        },
        "http_req_receiving": {
            "avg": 1.6700810498036796,
            "min": 0,
            "med": 0.6515,
            "max": 224.7284,
            "p(90)": 4.13176,
            "p(95)": 5.95371999999998
        },
        "checks": {
            "fails": 219,
            "passes": 4620,
            "value": 0.9547427154370738
        }
    }
}