{
    "root_group": {
        "name": "",
        "path": "",
        "id": "d41d8cd98f00b204e9800998ecf8427e",
        "groups": {},
        "checks": {
                "status is 2xx": {
                    "name": "status is 2xx",
                    "path": "::status is 2xx",
                    "id": "625da780c1868b693c9052f10511e6a0",
                    "passes": 1000,
                    "fails": 0
                }
            }
    },
    "metrics": {
        "http_req_duration": {
            "med": 23.6983,
            "max": 225.6454,
            "p(90)": 33.766110000000005,
            "p(95)": 43.237319999999976,
            "avg": 27.027063100000003,
            "min": 17.4758
        },
        "http_req_connecting": {
            "avg": 0.6269362999999999,
            "min": 0,
            "med": 0,
            "max": 73.6459,
            "p(90)": 0,
            "p(95)": 0
        },
        "data_received": {
            "count": 23272359,
            "rate": 387870.15728778916
        },
        "http_reqs": {
            "count": 1000,
            "rate": 16.666559556243918
        },
        "http_req_duration{expected_response:true}": {
            "avg": 27.027063100000003,
            "min": 17.4758,
            "med": 23.6983,
            "max": 225.6454,
            "p(90)": 33.766110000000005,
            "p(95)": 43.237319999999976
        },
        "checks": {
            "passes": 1000,
            "fails": 0,
            "value": 1
        },
        "http_req_receiving": {
            "min": 0,
            "med": 1.2593,
            "max": 12.8811,
            "p(90)": 4.9106700000000005,
            "p(95)": 5.500755,
            "avg": 1.9210853999999988
        },
        "http_req_sending": {
            "avg": 0.030842099999999997,
            "min": 0,
            "med": 0,
            "max": 9.0966,
            "p(90)": 0,
            "p(95)": 0
        },
        "http_req_failed": {
            "passes": 0,
            "fails": 1000,
            "value": 0
        },
        "http_req_waiting": {
            "p(90)": 30.726970000000005,
            "p(95)": 40.83962499999993,
            "avg": 25.0751356,
            "min": 14.2045,
            "med": 22.02955,
            "max": 222.0837
        },
        "http_req_blocked": {
            "p(90)": 0,
            "p(95)": 0,
            "avg": 1.3268926,
            "min": 0,
            "med": 0,
            "max": 107.5885
        },
        "data_sent": {
            "count": 779094,
            "rate": 12984.8165509123
        },
        "http_req_tls_handshaking": {
            "avg": 0.6625124999999998,
            "min": 0,
            "med": 0,
            "max": 65.0415,
            "p(90)": 0,
            "p(95)": 0
        },
        "iterations": {
            "count": 1000,
            "rate": 16.666559556243918
        },
        "vus": {
            "value": 0,
            "min": 0,
            "max": 2
        },
        "vus_max": {
            "value": 34,
            "min": 34,
            "max": 34
        },
        "iteration_duration": {
            "min": 18.3635,
            "med": 23.91785,
            "max": 225.6454,
            "p(90)": 34.539699999999996,
            "p(95)": 49.21638499999988,
            "avg": 28.560287400000007
        }
    }
}