{
    "metrics": {
        "vus": {
            "value": 0,
            "min": 0,
            "max": 1
        },
        "http_req_tls_handshaking": {
            "max": 73.2871,
            "p(90)": 20.632669999999994,
            "p(95)": 41.516719999999935,
            "avg": 8.286661764705881,
            "min": 0,
            "med": 0
        },
        "data_received": {
            "count": 813937,
            "rate": 40694.72878726196
        },
        "http_req_duration{expected_response:true}": {
            "med": 55.5736,
            "max": 340.9313,
            "p(90)": 129.93308,
            "p(95)": 157.23426999999987,
            "avg": 76.7480794117647,
            "min": 24.8262
        },
        "http_req_connecting": {
            "med": 0,
            "max": 22.8708,
            "p(90)": 14.46622,
            "p(95)": 17.213754999999992,
            "avg": 4.270029411764706,
            "min": 0
        },
        "http_req_blocked": {
            "min": 0,
            "med": 0,
            "max": 92.9379,
            "p(90)": 32.23502,
            "p(95)": 66.42469499999991,
            "avg": 13.020511764705883
        },
        "http_req_waiting": {
            "min": 20.2102,
            "med": 53.63485,
            "max": 340.4958,
            "p(90)": 129.64139,
            "p(95)": 156.35809499999988,
            "avg": 74.56062058823531
        },
        "data_sent": {
            "rate": 2027.8942960098204,
            "count": 40560
        },
        "http_reqs": {
            "count": 34,
            "rate": 1.6999113921186857
        },
        "http_req_sending": {
            "avg": 0.06706176470588235,
            "min": 0,
            "med": 0,
            "max": 0.6425,
            "p(90)": 0.36175999999999964,
            "p(95)": 0.55809
        },
        "iterations": {
            "rate": 1.6999113921186857,
            "count": 34
        },
        "checks": {
            "passes": 34,
            "fails": 0,
            "value": 1
        },
        "http_req_duration": {
            "avg": 76.7480794117647,
            "min": 24.8262,
            "med": 55.5736,
            "max": 340.9313,
            "p(90)": 129.93308,
            "p(95)": 157.23426999999987
        },
        "vus_max": {
            "value": 10,
            "min": 10,
            "max": 10
        },
        "http_req_failed": {
            "passes": 0,
            "fails": 34,
            "value": 0
        },
        "iteration_duration": {
            "min": 24.8262,
            "med": 63.99065,
            "max": 340.9313,
            "p(90)": 157.66654,
            "p(95)": 203.58821499999993,
            "avg": 90.0120911764706
        },
        "http_req_receiving": {
            "p(90)": 4.291339999999999,
            "p(95)": 6.029469999999992,
            "avg": 2.1203970588235292,
            "min": 0,
            "med": 1.37545,
            "max": 14.4512
        }
    },
    "root_group": {
        "id": "d41d8cd98f00b204e9800998ecf8427e",
        "groups": {},
        "checks": {
                "status is 2xx": {
                    "path": "::status is 2xx",
                    "id": "625da780c1868b693c9052f10511e6a0",
                    "passes": 34,
                    "fails": 0,
                    "name": "status is 2xx"
                }
            },
        "name": "",
        "path": ""
    }
}