{
    "metrics": {
        "iterations": {
            "count": 10118,
            "rate": 112.4184176082423
        },
        "dropped_iterations": {
            "count": 1381,
            "rate": 15.343925154870785
        },
        "checks": {
            "passes": 8889,
            "fails": 1229,
            "value": 0.8785333069776635
        },
        "data_received": {
            "count": 212650809,
            "rate": 2362706.804792703
        },
        "http_req_duration": {
            "med": 3770.44375,
            "max": 60002.223,
            "p(90)": 8851.449570000002,
            "p(95)": 17140.44692,
            "avg": 5484.2687134710295,
            "min": 4.318
        },
        "http_req_receiving": {
            "max": 616.134,
            "p(90)": 3.6685900000000005,
            "p(95)": 5.63525,
            "avg": 2.090688466100028,
            "min": 0,
            "med": 0.60225
        },
        "http_req_connecting": {
            "avg": 100.5385069084799,
            "min": 0,
            "med": 0,
            "max": 7073.708,
            "p(90)": 11.605840000000002,
            "p(95)": 26.676949999999948
        },
        "http_req_waiting": {
            "p(90)": 8851.291530000002,
            "p(95)": 17139.772985,
            "avg": 5482.150204753921,
            "min": 1.5465,
            "med": 3769.54665,
            "max": 60002.223
        },
        "data_sent": {
            "count": 11090767,
            "rate": 123226.57404642346
        },
        "iteration_duration": {
            "med": 4233.25075,
            "max": 60004.4047,
            "p(90)": 15045.496100000017,
            "p(95)": 19176.821879999996,
            "avg": 6702.72552554853,
            "min": 4.4783
        },
        "vus": {
            "min": 2,
            "max": 1707,
            "value": 2
        },
        "http_req_duration{expected_response:true}": {
            "med": 3965.3141,
            "max": 59965.0555,
            "p(90)": 7953.327419999999,
            "p(95)": 12356.27868000001,
            "avg": 5314.21992121722,
            "min": 67.8895
        },
        "http_req_blocked": {
            "avg": 1218.2849417572636,
            "min": 0,
            "med": 0,
            "max": 14097.3721,
            "p(90)": 7098.613130000004,
            "p(95)": 11224.912025
        },
        "vus_max": {
            "max": 1725,
            "value": 1725,
            "min": 384
        },
        "http_req_sending": {
            "avg": 0.0278202510377545,
            "min": 0,
            "med": 0,
            "max": 12.7698,
            "p(90)": 0,
            "p(95)": 0
        },
        "http_reqs": {
            "count": 10118,
            "rate": 112.4184176082423
        },
        "http_req_failed": {
            "passes": 1229,
            "fails": 8889,
            "value": 0.12146669302233642
        },
        "http_req_tls_handshaking": {
            "avg": 1117.5078840185838,
            "min": 0,
            "med": 0,
            "max": 14089.3077,
            "p(90)": 5585.6684700000105,
            "p(95)": 10177.83233
        }
    },
    "root_group": {
        "id": "d41d8cd98f00b204e9800998ecf8427e",
        "groups": {},
        "checks": {
                "status is 2xx": {
                    "path": "::status is 2xx",
                    "id": "625da780c1868b693c9052f10511e6a0",
                    "passes": 8889,
                    "fails": 1229,
                    "name": "status is 2xx"
                }
            },
        "name": "",
        "path": ""
    }
}