{
    "root_group": {
        "name": "",
        "path": "",
        "id": "d41d8cd98f00b204e9800998ecf8427e",
        "groups": {},
        "checks": {
                "status is 2xx": {
                    "name": "status is 2xx",
                    "path": "::status is 2xx",
                    "id": "625da780c1868b693c9052f10511e6a0",
                    "passes": 5001,
                    "fails": 0
                }
            }
    },
    "metrics": {
        "http_req_tls_handshaking": {
            "max": 93.215,
            "p(90)": 0,
            "p(95)": 0,
            "avg": 0.5322689262147572,
            "min": 0,
            "med": 0
        },
        "http_req_receiving": {
            "max": 8.2819,
            "p(90)": 2.8884,
            "p(95)": 3.8492,
            "avg": 1.052617856428714,
            "min": 0,
            "med": 0.583
        },
        "data_sent": {
            "count": 3821408,
            "rate": 63671.27538722673
        },
        "http_req_failed": {
            "fails": 5001,
            "passes": 0,
            "value": 0
        },
        "iteration_duration": {
            "avg": 20.299244531093844,
            "min": 6.7031,
            "med": 17.2715,
            "max": 149.6669,
            "p(90)": 28.4633,
            "p(95)": 37.236
        },
        "vus_max": {
            "value": 167,
            "min": 167,
            "max": 167
        },
        "checks": {
            "passes": 5001,
            "fails": 0,
            "value": 1
        },
        "data_received": {
            "rate": 42625.04212377392,
            "count": 2558260
        },
        "http_req_waiting": {
            "avg": 18.218338732253567,
            "min": 5.1888,
            "med": 16.0343,
            "max": 148.3168,
            "p(90)": 25.1486,
            "p(95)": 30.0416
        },
        "iterations": {
            "count": 5001,
            "rate": 83.32532098418197
        },
        "http_req_blocked": {
            "max": 111.4202,
            "p(90)": 0,
            "p(95)": 0,
            "avg": 0.8527374325134974,
            "min": 0,
            "med": 0
        },
        "http_req_duration{expected_response:true}": {
            "avg": 19.29094317136574,
            "min": 6.7031,
            "med": 17.1041,
            "max": 149.6669,
            "p(90)": 25.8547,
            "p(95)": 31.1916
        },
        "http_req_duration": {
            "med": 17.1041,
            "max": 149.6669,
            "p(90)": 25.8547,
            "p(95)": 31.1916,
            "avg": 19.29094317136574,
            "min": 6.7031
        },
        "http_reqs": {
            "count": 5001,
            "rate": 83.32532098418197
        },
        "http_req_sending": {
            "med": 0,
            "max": 2.0272,
            "p(90)": 0,
            "p(95)": 0,
            "avg": 0.0199865826834633,
            "min": 0
        },
        "vus": {
            "value": 2,
            "min": 1,
            "max": 5
        },
        "http_req_connecting": {
            "med": 0,
            "max": 30.5572,
            "p(90)": 0,
            "p(95)": 0,
            "avg": 0.3149043791241752,
            "min": 0
        }
    }
}