{
    "root_group": {
        "name": "",
        "path": "",
        "id": "d41d8cd98f00b204e9800998ecf8427e",
        "groups": {},
        "checks": {
                "status is 2xx": {
                    "path": "::status is 2xx",
                    "id": "625da780c1868b693c9052f10511e6a0",
                    "passes": 2001,
                    "fails": 0,
                    "name": "status is 2xx"
                }
            }
    },
    "metrics": {
        "data_received": {
            "count": 46568538,
            "rate": 775883.1834657725
        },
        "iteration_duration": {
            "med": 21.9325,
            "max": 295.1704,
            "p(90)": 31.6738,
            "p(95)": 42.2925,
            "avg": 25.284357571214365,
            "min": 6.6488
        },
        "http_req_duration{expected_response:true}": {
            "p(95)": 34.1817,
            "avg": 24.297128685657164,
            "min": 6.6488,
            "med": 21.5648,
            "max": 295.1704,
            "p(90)": 28.2949
        },
        "http_req_connecting": {
            "med": 0,
            "max": 11.517,
            "p(90)": 0,
            "p(95)": 0,
            "avg": 0.259911444277861,
            "min": 0
        },
        "http_reqs": {
            "count": 2001,
            "rate": 33.33886604116734
        },
        "http_req_duration": {
            "max": 295.1704,
            "p(90)": 28.2949,
            "p(95)": 34.1817,
            "avg": 24.297128685657164,
            "min": 6.6488,
            "med": 21.5648
        },
        "http_req_blocked": {
            "p(95)": 0,
            "avg": 0.7527774612693654,
            "min": 0,
            "med": 0,
            "max": 70.1538,
            "p(90)": 0
        },
        "iterations": {
            "count": 2001,
            "rate": 33.33886604116734
        },
        "http_req_tls_handshaking": {
            "avg": 0.4774007996001998,
            "min": 0,
            "med": 0,
            "max": 55.5055,
            "p(90)": 0,
            "p(95)": 0
        },
        "http_req_sending": {
            "min": 0,
            "med": 0,
            "max": 2.0277,
            "p(90)": 0,
            "p(95)": 0,
            "avg": 0.027251124437781115
        },
        "data_sent": {
            "rate": 25946.701419771518,
            "count": 1557322
        },
        "http_req_receiving": {
            "p(90)": 4.6957,
            "p(95)": 5.3953,
            "avg": 1.937349625187408,
            "min": 0,
            "med": 1.3163,
            "max": 40.1525
        },
        "vus": {
            "value": 1,
            "min": 0,
            "max": 7
        },
        "http_req_failed": {
            "fails": 2001,
            "passes": 0,
            "value": 0
        },
        "vus_max": {
            "value": 67,
            "min": 67,
            "max": 67
        },
        "checks": {
            "passes": 2001,
            "fails": 0,
            "value": 1
        },
        "http_req_waiting": {
            "p(90)": 26.8266,
            "p(95)": 32.5885,
            "avg": 22.332527936031948,
            "min": 5.545,
            "med": 19.9168,
            "max": 293.5032
        }
    }
}