{
    "metrics": {
        "http_req_duration{expected_response:true}": {
            "avg": 28.664932042857163,
            "min": 9.0357,
            "med": 22.6749,
            "max": 210.6376,
            "p(90)": 46.86856,
            "p(95)": 65.95567499999994
        },
        "http_req_failed": {
            "passes": 0,
            "fails": 7000,
            "value": 0
        },
        "data_received": {
            "rate": 59884.47772457543,
            "count": 3593424
        },
        "http_req_blocked": {
            "min": 0,
            "med": 0,
            "max": 73.2258,
            "p(90)": 0,
            "p(95)": 0,
            "avg": 0.8109219142857138
        },
        "http_req_receiving": {
            "avg": 0.8129307571428582,
            "min": 0,
            "med": 0.4032,
            "max": 8.1824,
            "p(90)": 2.38281,
            "p(95)": 3.35702
        },
        "http_req_sending": {
            "avg": 0.01485674285714286,
            "min": 0,
            "med": 0,
            "max": 4.9113,
            "p(90)": 0,
            "p(95)": 0
        },
        "data_sent": {
            "count": 5349294,
            "rate": 89146.0838980329
        },
        "http_req_duration": {
            "med": 22.6749,
            "max": 210.6376,
            "p(90)": 46.86856,
            "p(95)": 65.95567499999994,
            "avg": 28.664932042857163,
            "min": 9.0357
        },
        "http_req_connecting": {
            "avg": 0.293836042857143,
            "min": 0,
            "med": 0,
            "max": 20.404,
            "p(90)": 0,
            "p(95)": 0
        },
        "http_reqs": {
            "count": 7000,
            "rate": 116.65513005757963
        },
        "checks": {
            "passes": 7000,
            "fails": 0,
            "value": 1
        },
        "iteration_duration": {
            "min": 9.3518,
            "med": 22.993299999999998,
            "max": 210.6376,
            "p(90)": 49.567240000000034,
            "p(95)": 69.0413149999999,
            "avg": 29.63711974285709
        },
        "iterations": {
            "count": 7000,
            "rate": 116.65513005757963
        },
        "vus": {
            "min": 1,
            "max": 14,
            "value": 2
        },
        "vus_max": {
            "value": 234,
            "min": 234,
            "max": 234
        },
        "http_req_waiting": {
            "med": 21.6507,
            "max": 210.6376,
            "p(90)": 45.77011000000001,
            "p(95)": 64.4328399999997,
            "avg": 27.83714454285719,
            "min": 8.8987
        },
        "http_req_tls_handshaking": {
            "p(95)": 0,
            "avg": 0.5112950571428568,
            "min": 0,
            "med": 0,
            "max": 61.2113,
            "p(90)": 0
        }
    },
    "root_group": {
        "name": "",
        "path": "",
        "id": "d41d8cd98f00b204e9800998ecf8427e",
        "groups": {},
        "checks": {
                "status is 2xx": {
                    "path": "::status is 2xx",
                    "id": "625da780c1868b693c9052f10511e6a0",
                    "passes": 7000,
                    "fails": 0,
                    "name": "status is 2xx"
                }
            }
    }
}